#,Timestamp,Temp_C,Voltage_V,Current_A,Power_W,Relay,Step,State,PID_Output
1,2026-06-02 20:16:21,23.2125,0.00,0.000,0.000,OFF,--,IDLE,--
2,2026-06-02 20:16:22,23.2125,0.00,0.000,0.000,OFF,--,IDLE,--
3,2026-06-02 20:16:23,23.2500,0.00,0.000,0.000,OFF,--,IDLE,--
4,2026-06-02 20:16:24,23.2500,0.00,0.000,0.000,OFF,--,IDLE,--
5,2026-06-02 20:16:25,23.2250,0.00,0.000,0.000,OFF,--,IDLE,--
6,2026-06-02 20:16:26,23.2250,0.00,0.000,0.000,OFF,--,IDLE,--
7,2026-06-02 20:16:27,23.2250,0.00,0.000,0.000,OFF,--,IDLE,--
8,2026-06-02 20:16:28,23.2250,0.00,0.000,0.000,OFF,--,IDLE,--
9,2026-06-02 20:16:29,23.2500,0.00,0.000,0.000,OFF,--,IDLE,--
10,2026-06-02 20:16:30,23.2500,0.00,0.000,0.000,OFF,--,IDLE,--
11,2026-06-02 20:16:31,23.2500,0.00,0.000,0.000,OFF,--,IDLE,--
12,2026-06-02 20:16:32,23.2500,0.00,0.000,0.000,OFF,--,IDLE,--
13,2026-06-02 20:16:33,23.2500,0.00,0.000,0.000,OFF,--,IDLE,--
14,2026-06-02 20:16:34,23.2500,0.00,0.000,0.000,OFF,--,IDLE,--
15,2026-06-02 20:16:35,23.2500,0.00,0.000,0.000,OFF,--,IDLE,--
16,2026-06-02 20:16:36,23.2500,0.00,0.000,0.000,OFF,--,IDLE,--
17,2026-06-02 20:16:37,23.2500,0.00,0.000,0.000,OFF,--,IDLE,--
18,2026-06-02 20:16:38,23.2500,0.00,0.000,0.000,OFF,--,IDLE,--
19,2026-06-02 20:16:39,23.2500,0.00,0.000,0.000,OFF,--,IDLE,--
20,2026-06-02 20:16:40,23.2500,0.00,0.000,0.000,OFF,--,IDLE,--
21,2026-06-02 20:16:41,23.2500,0.00,0.000,0.000,OFF,--,IDLE,--
22,2026-06-02 20:16:42,23.2375,0.00,0.000,0.000,OFF,--,IDLE,--
23,2026-06-02 20:16:43,23.2375,0.00,0.000,0.000,OFF,--,IDLE,--
24,2026-06-02 20:16:44,23.2375,0.00,0.000,0.000,OFF,--,IDLE,--
25,2026-06-02 20:16:45,23.2375,0.00,0.000,0.000,OFF,--,IDLE,--
26,2026-06-02 20:16:46,23.2250,0.00,0.000,0.000,OFF,--,IDLE,--
27,2026-06-02 20:16:47,23.2250,0.00,0.000,0.000,OFF,--,IDLE,--
28,2026-06-02 20:16:48,23.2500,0.00,0.000,0.000,OFF,--,IDLE,--
29,2026-06-02 20:16:49,23.2500,0.00,0.000,0.000,OFF,--,IDLE,--
30,2026-06-02 20:16:50,23.2250,0.00,0.000,0.000,OFF,--,IDLE,--
31,2026-06-02 20:16:51,23.2250,0.00,0.000,0.000,OFF,--,IDLE,--
32,2026-06-02 20:16:52,23.2500,0.00,0.000,0.000,OFF,--,IDLE,--
33,2026-06-02 20:16:53,23.2500,0.00,0.000,0.000,OFF,--,IDLE,--
34,2026-06-02 20:16:54,23.2500,0.00,0.000,0.000,OFF,--,IDLE,--
35,2026-06-02 20:16:55,23.2000,0.00,0.000,0.000,OFF,--,IDLE,--
36,2026-06-02 20:16:56,23.2000,0.00,0.000,0.000,OFF,--,IDLE,--
37,2026-06-02 20:16:57,23.2000,0.00,0.000,0.000,OFF,--,IDLE,--
38,2026-06-02 20:16:58,23.2500,0.00,0.000,0.000,OFF,--,IDLE,--
39,2026-06-02 20:16:59,23.2500,0.00,0.000,0.000,OFF,--,IDLE,--
40,2026-06-02 20:17:00,23.2500,0.00,0.000,0.000,OFF,--,IDLE,--
41,2026-06-02 20:17:01,23.2500,0.00,0.000,0.000,OFF,--,IDLE,--
42,2026-06-02 20:17:02,23.2500,0.00,0.000,0.000,OFF,--,IDLE,--
43,2026-06-02 20:17:03,23.2500,0.00,0.000,0.000,OFF,--,IDLE,--
44,2026-06-02 20:17:04,23.2500,0.00,0.000,0.000,OFF,--,IDLE,--
45,2026-06-02 20:17:05,23.2250,0.00,0.000,0.000,OFF,--,IDLE,--
46,2026-06-02 20:17:06,23.2250,0.00,0.000,0.000,OFF,--,IDLE,--
47,2026-06-02 20:17:07,23.2250,0.00,0.000,0.000,OFF,--,IDLE,--
48,2026-06-02 20:17:08,23.2250,0.00,0.000,0.000,OFF,--,IDLE,--
49,2026-06-02 20:17:09,23.2375,0.00,0.000,0.000,OFF,--,IDLE,--
50,2026-06-02 20:17:10,23.2375,0.00,0.000,0.000,OFF,--,IDLE,--
51,2026-06-02 20:17:11,23.2375,0.00,0.000,0.000,OFF,--,IDLE,--
52,2026-06-02 20:17:12,23.2375,0.00,0.000,0.000,OFF,--,IDLE,--
53,2026-06-02 20:17:13,23.2500,0.00,0.000,0.000,OFF,--,IDLE,--
54,2026-06-02 20:17:14,23.2500,0.00,0.000,0.000,OFF,--,IDLE,--
55,2026-06-02 20:17:15,23.2250,0.00,0.000,0.000,OFF,--,IDLE,--
56,2026-06-02 20:17:16,23.2250,0.00,0.000,0.000,OFF,--,IDLE,--
57,2026-06-02 20:17:17,23.2500,0.00,0.000,0.000,OFF,--,IDLE,--
58,2026-06-02 20:17:18,23.2500,0.00,0.000,0.000,OFF,--,IDLE,--
59,2026-06-02 20:17:19,23.2500,0.00,0.000,0.000,OFF,--,IDLE,--
60,2026-06-02 20:17:20,23.2500,0.00,0.000,0.000,OFF,--,IDLE,--
61,2026-06-02 20:17:21,23.2500,0.00,0.000,0.000,OFF,--,IDLE,--
62,2026-06-02 20:17:22,23.2500,0.00,0.000,0.000,OFF,--,IDLE,--
63,2026-06-02 20:17:23,23.2500,0.00,0.000,0.000,OFF,--,IDLE,--
64,2026-06-02 20:17:24,23.2500,0.00,0.000,0.000,OFF,--,IDLE,--
65,2026-06-02 20:17:25,23.2500,0.00,0.000,0.000,OFF,--,IDLE,--
66,2026-06-02 20:17:26,23.2500,0.00,0.000,0.000,OFF,--,IDLE,--
67,2026-06-02 20:17:27,23.2500,0.00,0.000,0.000,OFF,--,IDLE,--
68,2026-06-02 20:17:28,23.2500,0.00,0.000,0.000,OFF,--,IDLE,--
69,2026-06-02 20:17:29,23.2500,0.00,0.000,0.000,OFF,--,IDLE,--
70,2026-06-02 20:17:30,23.2500,0.00,0.000,0.000,OFF,--,IDLE,--
71,2026-06-02 20:17:31,23.2500,0.00,0.000,0.000,OFF,--,IDLE,--
72,2026-06-02 20:17:32,23.2500,0.00,0.000,0.000,OFF,--,IDLE,--
73,2026-06-02 20:17:33,23.2500,0.00,0.000,0.000,OFF,--,IDLE,--
74,2026-06-02 20:17:34,23.2500,0.00,0.000,0.000,OFF,--,IDLE,--
75,2026-06-02 20:17:35,23.2500,0.00,0.000,0.000,OFF,--,IDLE,--
76,2026-06-02 20:17:36,23.2500,0.00,0.000,0.000,OFF,--,IDLE,--
77,2026-06-02 20:17:37,23.2500,0.00,0.000,0.000,OFF,--,IDLE,--
78,2026-06-02 20:17:38,23.2500,0.00,0.000,0.000,OFF,--,IDLE,--
79,2026-06-02 20:17:39,23.2250,0.00,0.000,0.000,OFF,--,IDLE,--
80,2026-06-02 20:17:40,23.2250,0.00,0.000,0.000,OFF,--,IDLE,--
81,2026-06-02 20:17:41,23.2500,0.00,0.000,0.000,OFF,--,IDLE,--
82,2026-06-02 20:17:42,23.2500,0.00,0.000,0.000,OFF,--,IDLE,--
83,2026-06-02 20:17:43,23.2250,0.00,0.000,0.000,OFF,--,IDLE,--
84,2026-06-02 20:17:44,23.2250,0.00,0.000,0.000,OFF,--,IDLE,--
85,2026-06-02 20:17:45,23.2500,0.00,0.000,0.000,OFF,--,IDLE,--
86,2026-06-02 20:17:46,23.2500,0.00,0.000,0.000,OFF,--,IDLE,--
87,2026-06-02 20:17:47,23.2500,0.00,0.000,0.000,OFF,--,IDLE,--
88,2026-06-02 20:17:48,23.2500,0.00,0.000,0.000,OFF,--,IDLE,--
89,2026-06-02 20:17:49,23.2500,0.00,0.000,0.000,OFF,--,IDLE,--
90,2026-06-02 20:17:50,23.2500,0.00,0.000,0.000,OFF,--,IDLE,--
91,2026-06-02 20:17:51,23.2500,0.00,0.000,0.000,OFF,--,IDLE,--
92,2026-06-02 20:17:52,23.2500,0.00,0.000,0.000,OFF,--,IDLE,--
93,2026-06-02 20:17:53,23.2500,0.00,0.000,0.000,OFF,--,IDLE,--
94,2026-06-02 20:17:54,23.2500,0.00,0.000,0.000,OFF,--,IDLE,--
95,2026-06-02 20:17:55,23.2500,0.00,0.000,0.000,OFF,--,IDLE,--
96,2026-06-02 20:17:57,23.2500,0.00,0.000,0.000,OFF,--,IDLE,--
97,2026-06-02 20:17:58,23.2500,0.00,0.000,0.000,OFF,--,IDLE,--
98,2026-06-02 20:17:59,23.2500,0.00,0.000,0.000,OFF,--,IDLE,--
99,2026-06-02 20:18:00,23.2500,0.00,0.000,0.000,OFF,--,IDLE,--
100,2026-06-02 20:18:01,23.2250,0.00,0.000,0.000,OFF,--,IDLE,--
101,2026-06-02 20:18:02,23.2250,0.00,0.000,0.000,OFF,--,IDLE,--
102,2026-06-02 20:18:03,23.2500,0.00,0.000,0.000,OFF,--,IDLE,--
103,2026-06-02 20:18:04,23.2500,0.00,0.000,0.000,OFF,--,IDLE,--
104,2026-06-02 20:18:05,23.2500,0.00,0.000,0.000,OFF,--,IDLE,--
105,2026-06-02 20:18:06,23.2500,0.00,0.000,0.000,OFF,--,IDLE,--
106,2026-06-02 20:18:07,23.2500,0.00,0.000,0.000,OFF,--,IDLE,--
107,2026-06-02 20:18:08,23.2500,0.00,0.000,0.000,OFF,--,IDLE,--
108,2026-06-02 20:18:09,23.2500,0.00,0.000,0.000,OFF,--,IDLE,--
109,2026-06-02 20:18:10,23.2500,0.00,0.000,0.000,OFF,--,IDLE,--
110,2026-06-02 20:18:11,23.2500,0.00,0.000,0.000,OFF,--,IDLE,--
111,2026-06-02 20:18:12,23.2500,0.00,0.000,0.000,OFF,--,IDLE,--
112,2026-06-02 20:18:13,23.2500,0.00,0.000,0.000,OFF,--,IDLE,--
113,2026-06-02 20:18:14,23.2500,0.00,0.000,0.000,OFF,--,IDLE,--
114,2026-06-02 20:18:15,23.2500,0.00,0.000,0.000,OFF,--,IDLE,--
115,2026-06-02 20:18:16,23.2500,0.00,0.000,0.000,OFF,--,IDLE,--
116,2026-06-02 20:18:17,23.2500,0.00,0.000,0.000,OFF,--,IDLE,--
117,2026-06-02 20:18:18,23.2500,0.00,0.000,0.000,OFF,--,IDLE,--
118,2026-06-02 20:18:19,23.2500,0.00,0.000,0.000,OFF,--,IDLE,--
119,2026-06-02 20:18:20,23.2500,0.00,0.000,0.000,OFF,--,IDLE,--
120,2026-06-02 20:18:21,23.2500,0.00,0.000,0.000,OFF,--,IDLE,--
121,2026-06-02 20:18:22,23.2500,0.00,0.000,0.000,OFF,--,IDLE,--
122,2026-06-02 20:18:23,23.2500,0.00,0.000,0.000,OFF,--,IDLE,--
123,2026-06-02 20:18:24,23.2500,0.00,0.000,0.000,OFF,--,IDLE,--
124,2026-06-02 20:18:25,23.2500,0.00,0.000,0.000,OFF,--,IDLE,--
125,2026-06-02 20:18:26,23.2625,0.00,0.000,0.000,OFF,--,IDLE,--
126,2026-06-02 20:18:27,23.2625,0.00,0.000,0.000,A,#1,APPROACH,2.580A/A
127,2026-06-02 20:18:29,23.2625,0.00,0.000,0.000,A,#1,APPROACH,2.500A/A
128,2026-06-02 20:18:31,23.2500,0.00,0.000,0.000,A,#1,APPROACH,2.500A/A
129,2026-06-02 20:18:33,23.2625,0.00,0.000,0.000,A,#1,APPROACH,1.500A/A
130,2026-06-02 20:18:35,23.2625,0.00,0.000,0.000,A,#1,APPROACH,1.000A/A
131,2026-06-02 20:18:37,23.3125,7.90,0.000,0.000,A,#1,APPROACH,3.000A/A
132,2026-06-02 20:18:39,23.2500,7.90,1.553,18.384,A,#1,APPROACH,1.500A/A
133,2026-06-02 20:18:41,23.1875,7.90,1.553,18.384,A,#1,APPROACH,1.500A/A
134,2026-06-02 20:18:43,23.1875,7.90,1.553,18.384,A,#1,APPROACH,1.000A/A
135,2026-06-02 20:18:45,23.1125,8.28,1.553,18.384,A,#1,APPROACH,1.409A/A
136,2026-06-02 20:18:46,23.0250,8.28,1.195,16.034,A,#1,APPROACH,1.990A/A
137,2026-06-02 20:18:49,22.8375,8.28,1.195,16.034,A,#1,APPROACH,2.444A/A
138,2026-06-02 20:18:50,22.8375,8.28,1.195,16.034,A,#1,APPROACH,2.000A/A
139,2026-06-02 20:18:52,22.7125,12.00,1.195,16.034,A,#1,APPROACH,3.000A/A
140,2026-06-02 20:18:54,22.5875,12.00,1.478,17.568,A,#1,APPROACH,2.000A/A
141,2026-06-02 20:18:56,22.3250,12.00,1.478,17.568,A,#1,APPROACH,2.339A/A
142,2026-06-02 20:18:58,22.3250,12.00,1.478,17.568,A,#1,APPROACH,1.000A/A
143,2026-06-02 20:19:00,22.1750,8.58,1.478,17.568,A,#1,APPROACH,1.888A/A
144,2026-06-02 20:19:02,22.0500,8.58,1.456,17.292,A,#1,APPROACH,1.000A/A
145,2026-06-02 20:19:04,21.8750,8.58,1.456,17.292,A,#1,APPROACH,1.000A/A
146,2026-06-02 20:19:06,21.7625,8.58,1.456,17.292,A,#1,APPROACH,1.895A/A
147,2026-06-02 20:19:07,21.5875,12.00,1.456,17.292,A,#1,APPROACH,1.853A/A
148,2026-06-02 20:19:09,21.4500,12.00,1.438,17.100,A,#1,APPROACH,2.144A/A
149,2026-06-02 20:19:12,21.3000,12.00,1.438,17.100,A,#1,APPROACH,1.000A/A
150,2026-06-02 20:19:13,21.1375,12.00,1.438,17.100,A,#1,APPROACH,2.500A/A
151,2026-06-02 20:19:15,20.9875,12.00,1.438,17.100,A,#1,APPROACH,1.500A/A
152,2026-06-02 20:19:17,20.8250,12.00,1.417,16.872,A,#1,APPROACH,2.413A/A
153,2026-06-02 20:19:19,20.6750,12.00,1.417,16.872,A,#1,APPROACH,2.493A/A
154,2026-06-02 20:19:21,20.5500,12.00,1.417,16.872,A,#1,APPROACH,1.500A/A
155,2026-06-02 20:19:23,20.3750,12.00,1.417,16.872,A,#1,APPROACH,1.000A/A
156,2026-06-02 20:19:25,20.2375,12.00,1.081,9.170,A,#1,APPROACH,2.500A/A
157,2026-06-02 20:19:27,20.0625,12.00,1.081,9.170,A,#1,APPROACH,2.246A/A
158,2026-06-02 20:19:28,19.9250,12.00,1.081,9.170,A,#1,APPROACH,1.000A/A
159,2026-06-02 20:19:30,19.7750,9.09,1.081,9.170,A,#1,APPROACH,1.000A/A
160,2026-06-02 20:19:32,19.6375,9.09,1.000,9.310,A,#1,APPROACH,1.000A/A
161,2026-06-02 20:19:34,19.5125,9.09,1.000,9.310,A,#1,APPROACH,1.500A/A
162,2026-06-02 20:19:36,19.3875,9.09,1.000,9.310,A,#1,APPROACH,2.000A/A
163,2026-06-02 20:19:38,19.2625,12.00,1.000,9.310,A,#1,APPROACH,1.500A/A
164,2026-06-02 20:19:40,19.1750,12.00,1.401,16.716,A,#1,APPROACH,1.500A/A
165,2026-06-02 20:19:42,19.0750,12.00,1.401,16.716,A,#1,APPROACH,1.000A/A
166,2026-06-02 20:19:44,18.9875,12.00,1.401,16.716,A,#1,HOLDING,2.040A/A
167,2026-06-02 20:19:46,18.9125,12.00,1.401,16.716,A,#1,HOLDING,0.215A/A
168,2026-06-02 20:19:47,18.8250,12.00,0.402,0.683,A,#1,HOLDING,0.177A/A
169,2026-06-02 20:19:50,18.7500,12.00,0.402,0.683,A,#1,HOLDING,0.266A/A
170,2026-06-02 20:19:51,18.6750,12.00,0.402,0.683,A,#1,HOLDING,0.351A/A
171,2026-06-02 20:19:53,18.6000,4.08,0.402,0.683,A,#1,HOLDING,0.234A/A
172,2026-06-02 20:19:55,18.5500,4.08,0.234,0.730,A,#1,HOLDING,0.245A/A
173,2026-06-02 20:19:57,18.5000,4.08,0.234,0.730,A,#1,HOLDING,0.309A/A
174,2026-06-02 20:19:59,18.5000,4.08,0.234,0.730,A,#1,HOLDING,0.401A/A
175,2026-06-02 20:20:01,18.4500,4.19,0.234,0.730,A,#1,HOLDING,0.489A/A
176,2026-06-02 20:20:03,18.4375,4.19,0.443,2.459,A,#1,HOLDING,0.365A/A
177,2026-06-02 20:20:05,18.4375,4.19,0.443,2.459,A,#1,HOLDING,0.453A/A
178,2026-06-02 20:20:07,18.4875,4.19,0.443,2.459,A,#1,HOLDING,0.389A/A
179,2026-06-02 20:20:08,18.4875,4.09,0.443,2.459,A,#1,HOLDING,0.380A/A
180,2026-06-02 20:20:10,18.4750,4.09,0.380,1.580,A,#1,HOLDING,0.394A/A
181,2026-06-02 20:20:13,18.5250,4.09,0.380,1.580,A,#1,HOLDING,0.426A/A
182,2026-06-02 20:20:14,18.5375,4.09,0.380,1.580,A,#1,HOLDING,0.447A/A
183,2026-06-02 20:20:16,18.5875,4.50,0.380,1.580,A,#1,HOLDING,0.458A/A
184,2026-06-02 20:20:18,18.6250,4.50,0.458,2.134,A,#1,HOLDING,0.527A/A
185,2026-06-02 20:20:20,18.6750,4.50,0.458,2.134,A,#1,HOLDING,0.605A/A
186,2026-06-02 20:20:22,18.6875,4.50,0.458,2.134,A,#1,HOLDING,0.713A/A
187,2026-06-02 20:20:24,18.7375,6.47,0.458,2.134,A,#1,HOLDING,0.899A/A
188,2026-06-02 20:20:26,18.7500,6.47,0.802,7.209,A,#1,HOLDING,1.143A/A
189,2026-06-02 20:20:28,18.7500,6.47,0.802,7.209,A,#1,HOLDING,1.336A/A
190,2026-06-02 20:20:29,18.7875,6.47,0.802,7.209,A,#1,HOLDING,1.819A/A
191,2026-06-02 20:20:31,18.8125,12.00,0.802,7.209,A,#1,HOLDING,1.893A/A
192,2026-06-02 20:20:33,18.8125,12.00,1.465,17.424,A,#1,HOLDING,1.000A/A
193,2026-06-02 20:20:36,18.8125,12.00,1.465,17.424,A,#1,HOLDING,1.000A/A
194,2026-06-02 20:20:37,18.8125,12.00,1.465,17.424,A,#1,HOLDING,2.500A/A
195,2026-06-02 20:20:39,18.7875,12.00,1.465,17.424,A,#1,HOLDING,1.500A/A
196,2026-06-02 20:20:41,18.7750,12.00,1.453,17.292,A,#1,HOLDING,1.657A/A
197,2026-06-02 20:20:43,18.7000,12.00,1.453,17.292,A,#1,HOLDING,1.000A/A
198,2026-06-02 20:20:45,18.6875,12.00,1.453,17.292,A,#2,APPROACH,1.562A/A
199,2026-06-02 20:20:47,18.6375,2.82,1.453,17.292,B,#2,APPROACH,1.000A/B
200,2026-06-02 20:20:49,18.5875,2.82,0.000,17.292,B,#2,APPROACH,1.000A/B
201,2026-06-02 20:20:51,18.5125,2.82,0.000,0.000,B,#2,APPROACH,3.000A/B
202,2026-06-02 20:20:53,18.5000,2.82,0.000,0.000,B,#2,APPROACH,2.500A/B
203,2026-06-02 20:20:54,18.4500,2.82,0.000,0.000,B,#2,APPROACH,1.500A/B
204,2026-06-02 20:20:56,18.4375,10.51,0.000,0.000,B,#2,APPROACH,2.500A/B
205,2026-06-02 20:20:58,18.4875,10.51,1.676,20.112,B,#2,APPROACH,1.000A/B
206,2026-06-02 20:21:01,18.5750,10.51,1.676,20.112,B,#2,APPROACH,2.500A/B
207,2026-06-02 20:21:02,18.7000,10.51,1.676,20.112,B,#2,APPROACH,2.500A/B
208,2026-06-02 20:21:04,18.8375,12.00,1.676,20.112,B,#2,APPROACH,3.000A/B
209,2026-06-02 20:21:06,19.0375,12.00,1.616,19.080,B,#2,APPROACH,2.500A/B
210,2026-06-02 20:21:08,19.2375,12.00,1.616,19.080,B,#2,APPROACH,1.000A/B
211,2026-06-02 20:21:10,19.4875,12.00,1.616,19.080,B,#2,APPROACH,2.007A/B
212,2026-06-02 20:21:12,19.7500,12.00,1.616,19.080,B,#2,APPROACH,1.000A/B
213,2026-06-02 20:21:13,20.0750,12.00,1.276,8.350,B,#2,HOLDING,1.500A/B
214,2026-06-02 20:21:16,20.3750,12.00,1.276,8.350,B,#2,HOLDING,1.749A/B
215,2026-06-02 20:21:17,20.6750,12.00,1.276,8.350,B,#2,HOLDING,0.869A/B
216,2026-06-02 20:21:19,20.9750,12.00,1.276,8.350,OFF,#2,HOLDING,0.000A/OFF
217,2026-06-02 20:21:20,20.9750,7.47,1.276,8.350,OFF,#2,HOLDING,0.000A/OFF
218,2026-06-02 20:21:21,21.3250,7.47,0.652,0.000,A,#2,HOLDING,1.080A/A
219,2026-06-02 20:21:23,21.6625,7.47,0.652,0.000,A,#2,HOLDING,2.233A/A
220,2026-06-02 20:21:25,21.9875,7.47,0.652,0.000,A,#2,HOLDING,2.500A/A
221,2026-06-02 20:21:27,21.9875,12.00,0.652,0.000,A,#2,HOLDING,3.000A/A
222,2026-06-02 20:21:28,22.2500,12.00,1.649,19.416,A,#2,HOLDING,1.000A/A
223,2026-06-02 20:21:31,22.7375,12.00,1.649,19.416,A,#2,HOLDING,2.000A/A
224,2026-06-02 20:21:32,22.9125,12.00,1.649,19.416,A,#2,HOLDING,2.500A/A
225,2026-06-02 20:21:34,22.9125,12.00,1.649,19.416,A,#2,HOLDING,2.500A/A
226,2026-06-02 20:21:36,23.0500,12.00,1.570,18.492,A,#2,HOLDING,1.000A/A
227,2026-06-02 20:21:38,23.2250,12.00,1.570,18.492,A,#2,HOLDING,2.000A/A
228,2026-06-02 20:21:40,23.2250,12.00,1.570,18.492,A,#2,HOLDING,1.500A/A
229,2026-06-02 20:21:42,23.3000,11.65,1.570,18.492,A,#2,HOLDING,2.000A/A
230,2026-06-02 20:21:44,23.3125,11.65,1.534,18.252,A,#2,HOLDING,1.538A/A
231,2026-06-02 20:21:46,23.2875,11.65,1.534,18.252,A,#2,HOLDING,1.969A/A
232,2026-06-02 20:21:48,23.2875,11.65,1.534,18.252,A,#2,HOLDING,1.500A/A
233,2026-06-02 20:21:50,23.2625,11.83,1.534,18.252,A,#2,HOLDING,0.947A/A
234,2026-06-02 20:21:51,23.1875,11.83,1.224,7.812,A,#2,HOLDING,1.300A/A
235,2026-06-02 20:21:54,23.0500,11.83,1.224,7.812,A,#2,HOLDING,1.739A/A
236,2026-06-02 20:21:55,23.0500,11.83,1.224,7.812,A,#2,HOLDING,1.000A/A
237,2026-06-02 20:21:57,22.9500,8.58,1.224,7.812,A,#2,HOLDING,2.000A/A
238,2026-06-02 20:21:59,22.8625,8.58,1.310,17.628,A,#2,HOLDING,1.235A/A
239,2026-06-02 20:22:01,22.6500,8.58,1.310,17.628,A,#2,HOLDING,0.882A/A
240,2026-06-02 20:22:03,22.6500,8.58,1.310,17.628,A,#2,HOLDING,1.022A/A
241,2026-06-02 20:22:05,22.5750,8.86,1.310,17.628,A,#2,HOLDING,0.873A/A
242,2026-06-02 20:22:07,22.4500,8.86,0.895,6.870,A,#2,HOLDING,0.866A/A
243,2026-06-02 20:22:09,22.3250,8.86,0.895,6.870,A,#2,HOLDING,0.872A/A
244,2026-06-02 20:22:11,22.2375,8.86,0.895,6.870,A,#2,HOLDING,0.898A/A
245,2026-06-02 20:22:12,22.1125,7.94,0.895,6.870,A,#2,HOLDING,0.907A/A
246,2026-06-02 20:22:14,22.0125,7.94,0.907,7.419,A,#2,HOLDING,0.946A/A
247,2026-06-02 20:22:17,21.8875,7.94,0.907,7.419,A,#2,HOLDING,0.944A/A
248,2026-06-02 20:22:18,21.8000,7.94,0.907,7.419,A,#2,HOLDING,0.965A/A
249,2026-06-02 20:22:20,21.6750,8.45,0.907,7.419,A,#2,HOLDING,0.966A/A
250,2026-06-02 20:22:22,21.5750,8.45,0.966,8.326,A,#2,HOLDING,0.981A/A
251,2026-06-02 20:22:24,21.4750,8.45,0.966,8.326,A,#2,HOLDING,1.000A/A
252,2026-06-02 20:22:26,21.3625,8.45,0.966,8.326,A,#2,HOLDING,0.994A/A
253,2026-06-02 20:22:28,21.2625,8.70,0.966,8.326,A,#2,HOLDING,1.000A/A
254,2026-06-02 20:22:30,21.1750,8.70,1.000,8.880,A,#2,HOLDING,1.005A/A
255,2026-06-02 20:22:32,21.0500,8.70,1.000,8.880,A,#2,HOLDING,0.998A/A
256,2026-06-02 20:22:34,20.9875,8.70,1.000,8.880,A,#2,HOLDING,0.991A/A
257,2026-06-02 20:22:35,20.8625,8.72,1.000,8.880,A,#2,HOLDING,0.974A/A
258,2026-06-02 20:22:37,20.7750,8.72,0.974,8.493,A,#2,HOLDING,0.953A/A
259,2026-06-02 20:22:40,20.6750,8.72,0.974,8.493,A,#2,HOLDING,0.927A/A
260,2026-06-02 20:22:41,20.5875,8.72,0.974,8.493,A,#2,HOLDING,0.917A/A
261,2026-06-02 20:22:43,20.4875,8.10,0.974,8.493,A,#2,HOLDING,0.898A/A
262,2026-06-02 20:22:45,20.4000,8.10,0.898,7.336,A,#2,HOLDING,0.861A/A
263,2026-06-02 20:22:47,20.3000,8.10,0.898,7.336,A,#2,HOLDING,0.797A/A
264,2026-06-02 20:22:49,20.2375,8.10,0.898,7.336,A,#2,HOLDING,0.810A/A
265,2026-06-02 20:22:51,20.1625,7.37,0.898,7.336,A,#2,HOLDING,0.787A/A
266,2026-06-02 20:22:53,20.0625,7.37,0.787,5.768,A,#2,HOLDING,0.756A/A
267,2026-06-02 20:22:55,19.9625,7.37,0.787,5.768,A,#2,HOLDING,0.667A/A
268,2026-06-02 20:22:56,19.8625,7.37,0.787,5.768,A,#2,HOLDING,0.629A/A
269,2026-06-02 20:22:58,19.8125,6.08,0.787,5.768,A,#2,HOLDING,0.592A/A
270,2026-06-02 20:23:00,19.7375,6.08,0.608,3.492,A,#2,HOLDING,0.541A/A
271,2026-06-02 20:23:03,19.6625,6.08,0.608,3.492,A,#2,HOLDING,0.480A/A
272,2026-06-02 20:23:04,19.6125,6.08,0.608,3.492,A,#2,HOLDING,0.429A/A
273,2026-06-02 20:23:06,19.5375,4.58,0.608,3.492,A,#2,HOLDING,0.370A/A
274,2026-06-02 20:23:08,19.5000,4.58,0.397,1.565,A,#2,HOLDING,0.317A/A
275,2026-06-02 20:23:10,19.4500,4.58,0.397,1.565,A,#2,HOLDING,0.239A/A
276,2026-06-02 20:23:12,19.4000,4.58,0.397,1.565,A,#2,HOLDING,0.185A/A
277,2026-06-02 20:23:14,19.3750,2.57,0.397,1.565,A,#2,HOLDING,0.127A/A
278,2026-06-02 20:23:15,19.3625,2.57,0.154,1.565,OFF,#2,HOLDING,0.000A/OFF
279,2026-06-02 20:23:16,19.3125,2.57,0.154,0.256,OFF,#2,HOLDING,0.000A/OFF
280,2026-06-02 20:23:17,19.3125,2.57,0.154,0.256,OFF,#2,HOLDING,0.000A/OFF
281,2026-06-02 20:23:18,19.3375,2.57,0.154,0.256,OFF,#2,HOLDING,0.000A/OFF
282,2026-06-02 20:23:19,19.3375,2.57,0.154,0.256,OFF,#2,HOLDING,0.000A/OFF
283,2026-06-02 20:23:21,19.3125,2.57,0.154,0.256,OFF,#2,HOLDING,0.000A/OFF
284,2026-06-02 20:23:22,19.3125,12.00,0.000,0.256,B,#2,HOLDING,0.130A/B
285,2026-06-02 20:23:23,19.3125,12.00,0.000,0.000,B,#2,HOLDING,0.180A/B
286,2026-06-02 20:23:25,19.3125,12.00,0.000,0.000,B,#2,HOLDING,0.233A/B
287,2026-06-02 20:23:26,19.3750,12.00,0.000,0.000,B,#2,HOLDING,0.275A/B
288,2026-06-02 20:23:28,19.4000,1.81,0.000,0.000,B,#2,HOLDING,0.334A/B
289,2026-06-02 20:23:30,19.4000,1.81,0.334,0.798,B,#2,HOLDING,0.401A/B
290,2026-06-02 20:23:32,19.4875,1.81,0.334,0.798,B,#2,HOLDING,0.473A/B
291,2026-06-02 20:23:34,19.5375,1.81,0.334,0.798,B,#2,HOLDING,0.506A/B
292,2026-06-02 20:23:36,19.5875,3.82,0.334,0.798,B,#2,HOLDING,0.560A/B
293,2026-06-02 20:23:38,19.5875,3.82,0.530,2.469,B,#2,HOLDING,0.604A/B
294,2026-06-02 20:23:40,19.7750,3.82,0.530,2.469,B,#2,HOLDING,0.639A/B
295,2026-06-02 20:23:42,19.7750,3.82,0.530,2.469,B,#2,HOLDING,0.685A/B
296,2026-06-02 20:23:43,20.0125,5.42,0.530,2.469,B,#2,HOLDING,0.631A/B
297,2026-06-02 20:23:45,20.0125,5.42,0.650,3.319,B,#2,HOLDING,0.684A/B
298,2026-06-02 20:23:48,20.2375,5.42,0.650,3.319,B,#2,HOLDING,0.703A/B
299,2026-06-02 20:23:49,20.2375,5.42,0.650,3.319,B,#2,HOLDING,0.751A/B
300,2026-06-02 20:23:51,20.3875,6.20,0.650,3.319,B,#3,APPROACH,0.760A/B
301,2026-06-02 20:23:53,20.5125,6.20,0.760,0.000,B,#3,APPROACH,0.185A/B
302,2026-06-02 20:23:56,20.8250,6.20,0.760,0.000,B,#3,APPROACH,0.183A/B
303,2026-06-02 20:23:58,20.9875,6.20,0.760,0.000,B,#3,APPROACH,0.204A/B
304,2026-06-02 20:23:59,21.1375,6.20,0.760,0.000,B,#3,APPROACH,0.177A/B
305,2026-06-02 20:24:01,21.3000,1.76,0.760,0.000,B,#3,APPROACH,0.206A/B
306,2026-06-02 20:24:03,21.4500,1.76,0.206,0.409,B,#3,APPROACH,0.243A/B
307,2026-06-02 20:24:05,21.5875,1.76,0.206,0.409,B,#3,APPROACH,0.319A/B
308,2026-06-02 20:24:07,21.7625,1.76,0.206,0.409,B,#3,APPROACH,0.363A/B
309,2026-06-02 20:24:08,21.7625,3.27,0.206,0.409,B,#3,APPROACH,0.457A/B
310,2026-06-02 20:24:10,21.8625,3.27,0.408,1.873,B,#3,APPROACH,0.532A/B
311,2026-06-02 20:24:13,22.1750,3.27,0.408,1.873,B,#3,APPROACH,0.600A/B
312,2026-06-02 20:24:14,22.3250,3.27,0.408,1.873,B,#3,APPROACH,0.628A/B
313,2026-06-02 20:24:16,22.3250,5.29,0.408,1.873,B,#3,APPROACH,0.700A/B
314,2026-06-02 20:24:18,22.4125,5.29,0.688,4.291,B,#3,APPROACH,0.770A/B
315,2026-06-02 20:24:20,22.6750,5.29,0.688,4.291,B,#3,APPROACH,0.816A/B
316,2026-06-02 20:24:22,22.6750,5.29,0.688,4.291,B,#3,APPROACH,0.859A/B
317,2026-06-02 20:24:24,22.8250,7.26,0.688,4.291,B,#3,APPROACH,0.889A/B
318,2026-06-02 20:24:25,22.9875,7.26,0.871,6.774,B,#3,APPROACH,0.922A/B
319,2026-06-02 20:24:28,23.2625,7.26,0.871,6.774,B,#3,HOLDING,0.886A/B
320,2026-06-02 20:24:29,23.2625,7.26,0.871,6.774,OFF,#3,HOLDING,0.000A/OFF
321,2026-06-02 20:24:30,23.4125,7.26,0.871,6.774,OFF,#3,HOLDING,0.000A/OFF
322,2026-06-02 20:24:31,23.4125,12.00,0.871,6.774,OFF,#3,HOLDING,0.000A/OFF
323,2026-06-02 20:24:32,23.5875,12.00,0.000,6.774,OFF,#3,HOLDING,0.000A/OFF
324,2026-06-02 20:24:33,23.7625,12.00,0.000,0.000,OFF,#3,HOLDING,0.000A/OFF
325,2026-06-02 20:24:34,23.7625,12.00,0.000,0.000,OFF,#3,HOLDING,0.000A/OFF
326,2026-06-02 20:24:35,23.9250,12.00,0.000,0.000,OFF,#3,HOLDING,0.000A/OFF
327,2026-06-02 20:24:37,23.9250,12.00,0.000,0.000,OFF,#3,HOLDING,0.000A/OFF
328,2026-06-02 20:24:38,24.0750,12.00,0.000,0.000,OFF,#3,HOLDING,0.000A/OFF
329,2026-06-02 20:24:39,24.0750,12.00,0.000,0.000,OFF,#3,HOLDING,0.000A/OFF
330,2026-06-02 20:24:40,24.1750,12.00,0.000,0.000,OFF,#3,HOLDING,0.000A/OFF
331,2026-06-02 20:24:41,24.1750,12.00,0.000,0.000,OFF,#3,HOLDING,0.000A/OFF
332,2026-06-02 20:24:42,24.3000,12.00,0.000,0.000,OFF,#3,HOLDING,0.000A/OFF
333,2026-06-02 20:24:43,24.3000,12.00,0.000,0.000,OFF,#3,HOLDING,0.000A/OFF
334,2026-06-02 20:24:44,24.4062,12.00,0.000,0.000,OFF,#3,HOLDING,0.000A/OFF
335,2026-06-02 20:24:45,24.4167,12.00,0.000,0.000,OFF,#3,HOLDING,0.000A/OFF
336,2026-06-02 20:24:46,24.4167,12.00,0.000,0.000,OFF,#3,HOLDING,0.000A/OFF
337,2026-06-02 20:24:47,24.5500,12.00,0.000,0.000,OFF,#3,HOLDING,0.000A/OFF
338,2026-06-02 20:24:48,24.5500,12.00,0.000,0.000,OFF,#3,HOLDING,0.000A/OFF
339,2026-06-02 20:24:49,24.6250,12.00,0.000,0.000,OFF,#3,HOLDING,0.000A/OFF
340,2026-06-02 20:24:50,24.6250,12.00,0.000,0.000,OFF,#3,HOLDING,0.000A/OFF
341,2026-06-02 20:24:51,24.7000,12.00,0.000,0.000,OFF,#3,HOLDING,0.000A/OFF
342,2026-06-02 20:24:52,24.7000,12.00,0.000,0.000,OFF,#3,HOLDING,0.000A/OFF
343,2026-06-02 20:24:53,24.7625,12.00,0.000,0.000,OFF,#3,HOLDING,0.000A/OFF
344,2026-06-02 20:24:54,24.7625,12.00,0.000,0.000,OFF,#3,HOLDING,0.000A/OFF
345,2026-06-02 20:24:55,24.8125,12.00,0.000,0.000,A,#3,HOLDING,0.122A/A
346,2026-06-02 20:24:56,24.8125,12.00,0.000,0.000,A,#3,HOLDING,0.136A/A
347,2026-06-02 20:24:58,24.8750,1.34,0.000,0.000,A,#3,HOLDING,0.171A/A
348,2026-06-02 20:25:00,24.8750,1.34,0.152,0.288,A,#3,HOLDING,0.194A/A
349,2026-06-02 20:25:02,24.9125,1.34,0.152,0.288,A,#3,HOLDING,0.240A/A
350,2026-06-02 20:25:04,24.9125,1.34,0.152,0.288,A,#3,HOLDING,0.262A/A
351,2026-06-02 20:25:05,24.9125,2.56,0.152,0.288,A,#3,HOLDING,0.296A/A
352,2026-06-02 20:25:07,24.8875,2.56,0.296,0.861,A,#3,HOLDING,0.323A/A
353,2026-06-02 20:25:10,24.9125,2.56,0.296,0.861,A,#3,HOLDING,0.368A/A
354,2026-06-02 20:25:11,24.9125,2.56,0.296,0.861,A,#3,HOLDING,0.397A/A
355,2026-06-02 20:25:13,24.8750,3.74,0.296,0.861,A,#3,HOLDING,0.428A/A
356,2026-06-02 20:25:15,24.8750,3.74,0.428,1.746,A,#3,HOLDING,0.458A/A
357,2026-06-02 20:25:17,24.8125,3.74,0.428,1.746,A,#3,HOLDING,0.492A/A
358,2026-06-02 20:25:19,24.7875,3.74,0.428,1.746,A,#3,HOLDING,0.518A/A
359,2026-06-02 20:25:21,24.7875,4.87,0.428,1.746,A,#3,HOLDING,0.547A/A
360,2026-06-02 20:25:23,24.6625,4.87,0.530,2.849,A,#3,HOLDING,0.565A/A
361,2026-06-02 20:25:25,24.6500,4.87,0.530,2.849,A,#3,HOLDING,0.597A/A
362,2026-06-02 20:25:26,24.5750,4.87,0.530,2.849,A,#3,HOLDING,0.607A/A
363,2026-06-02 20:25:28,24.5750,5.67,0.530,2.849,A,#4,APPROACH,0.640A/A
364,2026-06-02 20:25:30,24.5000,5.67,0.623,0.000,B,#4,APPROACH,0.141A/B
365,2026-06-02 20:25:33,24.3375,5.67,0.623,0.000,B,#4,APPROACH,0.229A/B
366,2026-06-02 20:25:35,24.2625,5.67,0.623,0.000,B,#4,APPROACH,0.302A/B
367,2026-06-02 20:25:37,24.2125,5.67,0.623,0.000,B,#4,APPROACH,0.375A/B
368,2026-06-02 20:25:38,24.1375,3.20,0.623,0.000,B,#4,APPROACH,0.453A/B
369,2026-06-02 20:25:40,24.1375,3.20,0.453,1.771,B,#4,APPROACH,0.546A/B
370,2026-06-02 20:25:42,24.0375,3.20,0.453,1.771,B,#4,APPROACH,0.694A/B
371,2026-06-02 20:25:44,24.0000,3.20,0.453,1.771,B,#4,APPROACH,0.787A/B
372,2026-06-02 20:25:46,24.0000,6.31,0.453,1.771,B,#4,APPROACH,0.899A/B
373,2026-06-02 20:25:48,24.0000,6.31,0.899,6.589,B,#4,APPROACH,0.999A/B
374,2026-06-02 20:25:50,24.0625,6.31,0.899,6.589,B,#4,APPROACH,1.125A/B
375,2026-06-02 20:25:52,24.0750,6.31,0.899,6.589,B,#4,APPROACH,1.214A/B
376,2026-06-02 20:25:53,24.1250,9.50,0.899,6.589,B,#4,APPROACH,1.312A/B
377,2026-06-02 20:25:55,24.1250,9.50,1.260,13.723,B,#4,APPROACH,1.424A/B
378,2026-06-02 20:25:58,24.2750,9.50,1.260,13.723,B,#4,APPROACH,1.500A/B
379,2026-06-02 20:25:59,24.2750,9.50,1.260,13.723,B,#4,APPROACH,1.539A/B
380,2026-06-02 20:26:01,24.5125,12.00,1.260,13.723,B,#4,APPROACH,1.594A/B
381,2026-06-02 20:26:03,24.5125,12.00,1.512,17.964,B,#4,APPROACH,1.698A/B
382,2026-06-02 20:26:05,24.8125,12.00,1.512,17.964,B,#4,APPROACH,1.762A/B
383,2026-06-02 20:26:07,24.8125,12.00,1.512,17.964,B,#4,APPROACH,1.000A/B
384,2026-06-02 20:26:09,24.9875,8.62,1.512,17.964,B,#4,APPROACH,1.830A/B
385,2026-06-02 20:26:10,25.1875,8.62,1.236,17.496,B,#4,APPROACH,1.889A/B
386,2026-06-02 20:26:13,25.6500,8.62,1.236,17.496,B,#4,APPROACH,1.895A/B
387,2026-06-02 20:26:14,25.6500,8.62,1.236,17.496,B,#4,APPROACH,1.956A/B
388,2026-06-02 20:26:16,25.8750,12.00,1.236,17.496,B,#4,APPROACH,1.500A/B
389,2026-06-02 20:26:18,26.1250,12.00,1.440,17.052,B,#4,HOLDING,1.940A/B
390,2026-06-02 20:26:20,26.6125,12.00,1.440,17.052,OFF,#4,HOLDING,0.000A/OFF
391,2026-06-02 20:26:21,26.6125,12.00,1.440,17.052,OFF,#4,HOLDING,0.000A/OFF
392,2026-06-02 20:26:22,26.8625,12.00,1.440,17.052,OFF,#4,HOLDING,0.000A/OFF
393,2026-06-02 20:26:24,26.8625,12.00,1.440,17.052,OFF,#4,HOLDING,0.000A/OFF
394,2026-06-02 20:26:25,27.1125,12.00,0.000,17.052,OFF,#4,HOLDING,0.000A/OFF
395,2026-06-02 20:26:26,27.1125,12.00,0.000,17.052,OFF,#4,HOLDING,0.000A/OFF
396,2026-06-02 20:26:27,27.3750,12.00,0.000,0.000,OFF,#4,HOLDING,0.000A/OFF
397,2026-06-02 20:26:28,27.3750,12.00,0.000,0.000,OFF,#4,HOLDING,0.000A/OFF
398,2026-06-02 20:26:29,27.6250,12.00,0.000,0.000,OFF,#4,HOLDING,0.000A/OFF
399,2026-06-02 20:26:30,27.6250,12.00,0.000,0.000,OFF,#4,HOLDING,0.000A/OFF
400,2026-06-02 20:26:31,27.8125,12.00,0.000,0.000,A,#4,HOLDING,0.107A/A
401,2026-06-02 20:26:33,28.0125,12.00,0.000,0.000,A,#4,HOLDING,0.173A/A
402,2026-06-02 20:26:34,28.1750,12.00,0.000,0.000,A,#4,HOLDING,0.238A/A
403,2026-06-02 20:26:36,28.3250,12.00,0.000,0.000,A,#4,HOLDING,0.271A/A
404,2026-06-02 20:26:38,28.3250,1.59,0.000,0.000,A,#4,HOLDING,0.301A/A
405,2026-06-02 20:26:39,28.4250,1.59,0.301,0.586,A,#4,HOLDING,0.350A/A
406,2026-06-02 20:26:42,28.6000,1.59,0.301,0.586,A,#4,HOLDING,0.430A/A
407,2026-06-02 20:26:43,28.6500,1.59,0.301,0.586,A,#4,HOLDING,0.492A/A
408,2026-06-02 20:26:45,28.6500,3.57,0.301,0.586,A,#4,HOLDING,0.542A/A
409,2026-06-02 20:26:47,28.6875,3.57,0.542,2.249,A,#4,HOLDING,0.596A/A
410,2026-06-02 20:26:49,28.7500,3.57,0.542,2.249,A,#4,HOLDING,0.681A/A
411,2026-06-02 20:26:51,28.7500,3.57,0.542,2.249,A,#4,HOLDING,0.736A/A
412,2026-06-02 20:26:53,28.7500,5.74,0.542,2.249,A,#4,HOLDING,0.797A/A
413,2026-06-02 20:26:55,28.7125,5.74,0.764,5.140,A,#4,HOLDING,0.849A/A
414,2026-06-02 20:26:57,28.6125,5.74,0.764,5.140,A,#4,HOLDING,0.912A/A
415,2026-06-02 20:26:59,28.5375,5.74,0.764,5.140,A,#4,HOLDING,0.949A/A
416,2026-06-02 20:27:00,28.5375,7.62,0.764,5.140,A,#4,HOLDING,1.010A/A
417,2026-06-02 20:27:02,28.5000,7.62,0.977,8.362,A,#4,HOLDING,1.068A/A
418,2026-06-02 20:27:05,28.2625,7.62,0.977,8.362,A,#4,HOLDING,1.000A/A
419,2026-06-02 20:27:06,28.2625,7.62,0.977,8.362,A,#4,HOLDING,1.106A/A
420,2026-06-02 20:27:08,28.1125,9.00,0.977,8.362,A,#4,HOLDING,1.129A/A
421,2026-06-02 20:27:10,27.9625,9.00,1.129,10.623,A,#4,HOLDING,1.112A/A
422,2026-06-02 20:27:12,27.6750,9.00,1.129,10.623,A,#4,HOLDING,1.000A/A
423,2026-06-02 20:27:14,27.6750,9.00,1.129,10.623,A,#4,HOLDING,1.138A/A
424,2026-06-02 20:27:16,27.5000,9.39,1.129,10.623,A,#4,HOLDING,1.000A/A
425,2026-06-02 20:27:18,27.3250,9.39,1.000,8.720,A,#4,HOLDING,1.160A/A
426,2026-06-02 20:27:20,26.9750,9.39,1.000,8.720,A,#4,HOLDING,1.000A/A
427,2026-06-02 20:27:22,26.9750,9.39,1.000,8.720,A,#4,HOLDING,1.000A/A
428,2026-06-02 20:27:23,26.7750,8.52,1.000,8.720,A,#4,HOLDING,1.147A/A
429,2026-06-02 20:27:25,26.5750,8.52,1.069,11.160,A,#4,HOLDING,1.137A/A
430,2026-06-02 20:27:28,26.2000,8.52,1.069,11.160,A,#4,HOLDING,1.070A/A
431,2026-06-02 20:27:29,26.2000,8.52,1.069,11.160,A,#4,HOLDING,1.064A/A
432,2026-06-02 20:27:31,25.8333,9.07,1.069,11.160,A,#4,HOLDING,0.944A/A
433,2026-06-02 20:27:33,25.7500,9.07,1.001,7.891,A,#4,HOLDING,0.914A/A
434,2026-06-02 20:27:35,25.4250,9.07,1.001,7.891,A,#4,HOLDING,0.795A/A
435,2026-06-02 20:27:37,25.4250,9.07,1.001,7.891,A,#4,HOLDING,0.783A/A
436,2026-06-02 20:27:39,25.2812,7.06,1.001,7.891,A,#4,HOLDING,0.706A/A
437,2026-06-02 20:27:41,25.0312,7.06,0.725,4.659,A,#4,HOLDING,0.621A/A
438,2026-06-02 20:27:43,24.6750,7.06,0.725,4.659,A,#4,HOLDING,0.463A/A
439,2026-06-02 20:27:45,24.5000,7.06,0.725,4.659,A,#4,HOLDING,0.366A/A
440,2026-06-02 20:27:46,24.4000,4.00,0.725,4.659,A,#4,HOLDING,0.281A/A
441,2026-06-02 20:27:48,24.2125,4.00,0.281,0.966,A,#4,HOLDING,0.178A/A
442,2026-06-02 20:27:51,24.0875,4.00,0.281,0.966,OFF,#4,HOLDING,0.000A/OFF
443,2026-06-02 20:27:52,24.0875,4.00,0.281,0.966,OFF,#4,HOLDING,0.000A/OFF
444,2026-06-02 20:27:53,23.9000,4.00,0.281,0.966,OFF,#4,HOLDING,0.000A/OFF
445,2026-06-02 20:27:54,23.8000,12.00,0.281,0.966,B,#4,HOLDING,0.130A/B
446,2026-06-02 20:27:55,23.8000,12.00,0.083,0.076,B,#4,HOLDING,0.240A/B
447,2026-06-02 20:27:58,23.5250,12.00,0.083,0.076,B,#4,HOLDING,0.415A/B
448,2026-06-02 20:27:59,23.5250,12.00,0.083,0.076,B,#4,HOLDING,0.521A/B
449,2026-06-02 20:28:01,23.4500,3.85,0.083,0.076,B,#4,HOLDING,0.657A/B
450,2026-06-02 20:28:03,23.3750,3.85,0.657,3.350,B,#4,HOLDING,0.790A/B
451,2026-06-02 20:28:05,23.2500,3.85,0.657,3.350,B,#4,HOLDING,0.978A/B
452,2026-06-02 20:28:07,23.2500,3.85,0.657,3.350,B,#4,HOLDING,1.093A/B
453,2026-06-02 20:28:09,23.2125,8.29,0.657,3.350,B,#4,HOLDING,1.235A/B
454,2026-06-02 20:28:11,23.1875,8.29,1.159,11.732,B,#4,HOLDING,1.374A/B
455,2026-06-02 20:28:13,23.2250,8.29,1.159,11.732,B,#4,HOLDING,1.500A/B
456,2026-06-02 20:28:15,23.2250,8.29,1.159,11.732,B,#4,HOLDING,1.547A/B
457,2026-06-02 20:28:16,23.2875,11.63,1.159,11.732,B,#4,HOLDING,1.500A/B
458,2026-06-02 20:28:18,23.3875,11.63,1.520,17.505,B,#4,HOLDING,1.670A/B
459,2026-06-02 20:28:21,23.5875,11.63,1.520,17.505,B,#4,HOLDING,1.816A/B
460,2026-06-02 20:28:22,23.5875,11.63,1.520,17.505,B,#4,HOLDING,1.927A/B
461,2026-06-02 20:28:24,23.7375,12.00,1.520,17.505,B,#4,HOLDING,2.000A/B
462,2026-06-02 20:28:26,23.9375,12.00,1.513,17.916,B,#4,HOLDING,1.500A/B
463,2026-06-02 20:28:28,24.3125,12.00,1.513,17.916,B,#4,HOLDING,1.949A/B
464,2026-06-02 20:28:30,24.3125,12.00,1.513,17.916,B,#4,HOLDING,1.500A/B
465,2026-06-02 20:28:32,24.5375,12.00,1.513,17.916,B,#4,HOLDING,2.038A/B
466,2026-06-02 20:28:34,24.8125,12.00,1.465,17.340,B,#4,HOLDING,1.500A/B
467,2026-06-02 20:28:36,25.3375,12.00,1.465,17.340,B,#4,HOLDING,2.041A/B
468,2026-06-02 20:28:38,25.3375,12.00,1.465,17.340,B,#4,HOLDING,1.000A/B
469,2026-06-02 20:28:39,25.6000,8.91,1.465,17.340,B,#4,HOLDING,1.500A/B
470,2026-06-02 20:28:41,25.9000,8.91,1.218,17.016,B,#4,HOLDING,2.000A/B
471,2026-06-02 20:28:44,26.4500,8.91,1.218,17.016,B,#4,HOLDING,2.011A/B
472,2026-06-02 20:28:45,26.4500,8.91,1.218,17.016,B,#4,HOLDING,2.053A/B
473,2026-06-02 20:28:47,26.7250,12.00,1.218,17.016,B,#4,HOLDING,1.500A/B
474,2026-06-02 20:28:49,27.0250,12.00,1.408,16.692,B,#4,HOLDING,2.080A/B
475,2026-06-02 20:28:51,27.6125,12.00,1.408,16.692,B,#4,HOLDING,2.000A/B
476,2026-06-02 20:28:53,27.6125,12.00,1.408,16.692,B,#4,HOLDING,2.031A/B
477,2026-06-02 20:28:55,27.8750,12.00,1.408,16.692,B,#4,HOLDING,2.001A/B
478,2026-06-02 20:28:57,28.2250,12.00,1.382,16.404,B,#4,HOLDING,1.000A/B
479,2026-06-02 20:28:59,28.7750,12.00,1.382,16.404,B,#4,HOLDING,1.829A/B
480,2026-06-02 20:29:00,28.7750,12.00,1.382,16.404,B,#4,HOLDING,1.800A/B
481,2026-06-02 20:29:02,29.0625,12.00,1.382,16.404,B,#4,HOLDING,1.714A/B
482,2026-06-02 20:29:04,29.3625,12.00,1.367,16.236,B,#4,HOLDING,1.500A/B
483,2026-06-02 20:29:07,29.9000,12.00,1.367,16.236,B,#4,HOLDING,1.549A/B
484,2026-06-02 20:29:08,29.9000,12.00,1.367,16.236,B,#4,HOLDING,1.488A/B
485,2026-06-02 20:29:10,30.2125,12.00,1.367,16.236,B,#4,HOLDING,1.000A/B
486,2026-06-02 20:29:12,30.4625,12.00,1.027,9.560,B,#4,HOLDING,1.401A/B
487,2026-06-02 20:29:14,30.9375,12.00,1.027,9.560,B,#4,HOLDING,1.177A/B
488,2026-06-02 20:29:16,30.9375,12.00,1.027,9.560,B,#4,HOLDING,1.063A/B
489,2026-06-02 20:29:18,31.1750,9.85,1.027,9.560,B,#4,HOLDING,0.896A/B
490,2026-06-02 20:29:20,31.4250,9.85,0.896,7.911,B,#4,HOLDING,0.726A/B
491,2026-06-02 20:29:22,31.9250,9.85,0.896,7.911,B,#4,HOLDING,0.451A/B
492,2026-06-02 20:29:23,31.9250,9.85,0.896,7.911,B,#4,HOLDING,0.303A/B
493,2026-06-02 20:29:25,32.1250,4.19,0.896,7.911,B,#4,HOLDING,0.106A/B
494,2026-06-02 20:29:27,32.3500,4.19,0.204,7.911,OFF,#4,HOLDING,0.000A/OFF
495,2026-06-02 20:29:28,32.5500,4.19,0.204,0.259,OFF,#4,HOLDING,0.233A/A
496,2026-06-02 20:29:30,32.7000,4.19,0.204,0.259,A,#4,HOLDING,0.416A/A
497,2026-06-02 20:29:31,32.7000,4.19,0.204,0.259,A,#4,HOLDING,0.588A/A
498,2026-06-02 20:29:33,32.8625,3.84,0.204,0.259,A,#4,HOLDING,0.806A/A
499,2026-06-02 20:29:35,33.0125,3.84,0.693,4.707,A,#4,HOLDING,1.033A/A
500,2026-06-02 20:29:37,33.1875,3.84,0.693,4.707,A,#4,HOLDING,1.341A/A
501,2026-06-02 20:29:39,33.1875,3.84,0.693,4.707,A,#4,HOLDING,1.529A/A
502,2026-06-02 20:29:41,33.2500,11.11,0.693,4.707,A,#4,HOLDING,1.763A/A
503,2026-06-02 20:29:43,33.2500,11.11,1.576,19.212,A,#4,HOLDING,1.987A/A
504,2026-06-02 20:29:45,33.2000,11.11,1.576,19.212,A,#4,HOLDING,2.276A/A
505,2026-06-02 20:29:47,33.2000,11.11,1.576,19.212,A,#4,HOLDING,2.472A/A
506,2026-06-02 20:29:48,33.1500,12.00,1.576,19.212,A,#4,HOLDING,2.000A/A
507,2026-06-02 20:29:50,33.0500,12.00,1.560,18.456,A,#4,HOLDING,1.000A/A
508,2026-06-02 20:29:53,32.7375,12.00,1.560,18.456,A,#4,HOLDING,2.500A/A
509,2026-06-02 20:29:54,32.7375,12.00,1.560,18.456,A,#4,HOLDING,2.500A/A
510,2026-06-02 20:29:56,32.5125,12.00,1.560,18.456,A,#4,HOLDING,2.500A/A
511,2026-06-02 20:29:58,32.3125,12.00,1.505,17.940,A,#4,HOLDING,2.500A/A
512,2026-06-02 20:30:00,31.9125,12.00,1.505,17.940,A,#4,HOLDING,1.000A/A
513,2026-06-02 20:30:02,31.9125,12.00,1.505,17.940,A,#4,HOLDING,2.500A/A
514,2026-06-02 20:30:04,31.6875,12.00,1.505,17.940,A,#4,HOLDING,2.608A/A
515,2026-06-02 20:30:06,31.4125,12.00,1.474,17.508,A,#4,HOLDING,2.500A/A
516,2026-06-02 20:30:08,30.8875,12.00,1.474,17.508,A,#4,HOLDING,1.000A/A
517,2026-06-02 20:30:10,30.8875,12.00,1.474,17.508,A,#4,HOLDING,2.724A/A
518,2026-06-02 20:30:11,30.6250,12.00,1.474,17.508,A,#4,HOLDING,1.500A/A
519,2026-06-02 20:30:13,30.3250,12.00,1.446,17.220,A,#4,HOLDING,1.000A/A
520,2026-06-02 20:30:16,29.7625,12.00,1.446,17.220,A,#4,HOLDING,2.000A/A
521,2026-06-02 20:30:17,29.7625,12.00,1.446,17.220,A,#4,HOLDING,2.500A/A
522,2026-06-02 20:30:19,29.5000,12.00,1.446,17.220,A,#4,HOLDING,1.000A/A
523,2026-06-02 20:30:21,29.2000,12.00,1.206,8.920,A,#4,HOLDING,2.000A/A
524,2026-06-02 20:30:23,28.6375,12.00,1.206,8.920,A,#4,HOLDING,1.500A/A
525,2026-06-02 20:30:25,28.6375,12.00,1.206,8.920,A,#4,HOLDING,1.500A/A
526,2026-06-02 20:30:27,28.4000,12.00,1.206,8.920,A,#4,HOLDING,1.500A/A
527,2026-06-02 20:30:29,28.1250,12.00,1.440,17.172,A,#4,HOLDING,1.500A/A
528,2026-06-02 20:30:31,27.6000,12.00,1.440,17.172,A,#4,HOLDING,2.600A/A
529,2026-06-02 20:30:32,27.6000,12.00,1.440,17.172,A,#4,HOLDING,1.000A/A
530,2026-06-02 20:30:34,27.3375,8.89,1.440,17.172,A,#4,HOLDING,2.500A/A
531,2026-06-02 20:30:36,27.0375,8.89,1.217,17.064,A,#4,HOLDING,2.000A/A
532,2026-06-02 20:30:39,26.8125,8.89,1.217,17.064,A,#4,HOLDING,1.500A/A
533,2026-06-02 20:30:40,26.5625,8.89,1.217,17.064,A,#4,HOLDING,1.500A/A
534,2026-06-02 20:30:42,26.3125,12.00,1.217,17.064,A,#5,APPROACH,2.637A/A
535,2026-06-02 20:30:44,26.0625,12.00,1.424,0.000,B,#5,APPROACH,0.219A/B
536,2026-06-02 20:30:46,25.5625,12.00,1.424,0.000,B,#5,APPROACH,0.351A/B
537,2026-06-02 20:30:49,25.3500,12.00,1.424,0.000,B,#5,APPROACH,0.459A/B
538,2026-06-02 20:30:50,25.1250,12.00,1.424,0.000,B,#5,APPROACH,0.570A/B
539,2026-06-02 20:30:52,25.1250,4.05,1.424,0.000,B,#5,APPROACH,0.658A/B
540,2026-06-02 20:30:54,24.9500,4.05,0.658,3.217,B,#5,APPROACH,0.802A/B
541,2026-06-02 20:30:56,24.8000,4.05,0.658,3.217,B,#5,APPROACH,1.007A/B
542,2026-06-02 20:30:58,24.6500,4.05,0.658,3.217,B,#5,APPROACH,1.000A/B
543,2026-06-02 20:30:59,24.5750,7.50,0.658,3.217,B,#5,APPROACH,1.175A/B
544,2026-06-02 20:31:01,24.5250,7.50,1.083,10.575,B,#5,APPROACH,1.376A/B
545,2026-06-02 20:31:04,24.5000,7.50,1.083,10.575,B,#5,APPROACH,1.500A/B
546,2026-06-02 20:31:05,24.5000,7.50,1.083,10.575,B,#5,APPROACH,1.628A/B
547,2026-06-02 20:31:07,24.5000,12.00,1.083,10.575,B,#5,APPROACH,1.831A/B
548,2026-06-02 20:31:09,24.5625,12.00,1.589,18.744,B,#5,APPROACH,1.500A/B
549,2026-06-02 20:31:11,24.6375,12.00,1.589,18.744,B,#5,APPROACH,2.020A/B
550,2026-06-02 20:31:13,24.7000,12.00,1.589,18.744,B,#5,APPROACH,1.000A/B
551,2026-06-02 20:31:15,24.8500,8.39,1.589,18.744,B,#5,APPROACH,2.171A/B
552,2026-06-02 20:31:17,25.0125,8.39,1.514,18.036,B,#5,APPROACH,1.000A/B
553,2026-06-02 20:31:19,25.1875,8.39,1.514,18.036,B,#5,APPROACH,2.000A/B
554,2026-06-02 20:31:20,25.3625,8.39,1.514,18.036,B,#5,APPROACH,2.000A/B
555,2026-06-02 20:31:22,25.5875,12.00,1.514,18.036,B,#5,APPROACH,1.500A/B
556,2026-06-02 20:31:24,25.8000,12.00,1.469,17.388,B,#5,APPROACH,2.294A/B
557,2026-06-02 20:31:27,26.0250,12.00,1.469,17.388,B,#5,APPROACH,1.000A/B
558,2026-06-02 20:31:28,26.2500,12.00,1.469,17.388,B,#5,APPROACH,1.500A/B
559,2026-06-02 20:31:30,26.5000,12.00,1.469,17.388,B,#5,APPROACH,2.445A/B
560,2026-06-02 20:31:32,26.7500,12.00,1.427,16.980,B,#5,APPROACH,1.500A/B
561,2026-06-02 20:31:34,27.0000,12.00,1.427,16.980,B,#5,APPROACH,1.500A/B
562,2026-06-02 20:31:36,27.2500,12.00,1.427,16.980,B,#5,APPROACH,2.468A/B
563,2026-06-02 20:31:38,27.5250,12.00,1.427,16.980,B,#5,APPROACH,1.000A/B
564,2026-06-02 20:31:39,27.8125,12.00,1.201,9.260,B,#5,APPROACH,2.524A/B
565,2026-06-02 20:31:42,28.0875,12.00,1.201,9.260,B,#5,APPROACH,2.611A/B
566,2026-06-02 20:31:43,28.4000,12.00,1.201,9.260,B,#5,APPROACH,2.639A/B
567,2026-06-02 20:31:45,28.6500,12.00,1.201,9.260,B,#5,APPROACH,2.682A/B
568,2026-06-02 20:31:47,28.9000,12.00,1.380,16.392,B,#5,APPROACH,2.707A/B
569,2026-06-02 20:31:49,29.1750,12.00,1.380,16.392,B,#5,HOLDING,1.000A/B
570,2026-06-02 20:31:51,29.4375,12.00,1.380,16.392,OFF,#5,HOLDING,0.000A/OFF
571,2026-06-02 20:31:52,29.7125,12.00,1.380,16.392,OFF,#5,HOLDING,0.000A/OFF
572,2026-06-02 20:31:53,29.7125,12.00,1.380,16.392,OFF,#5,HOLDING,0.000A/OFF
573,2026-06-02 20:31:54,29.9625,12.00,0.000,16.392,OFF,#5,HOLDING,0.000A/OFF
574,2026-06-02 20:31:55,29.9625,12.00,0.000,0.000,OFF,#5,HOLDING,0.000A/OFF
575,2026-06-02 20:31:56,30.2125,12.00,0.000,0.000,OFF,#5,HOLDING,0.000A/OFF
576,2026-06-02 20:31:57,30.2125,12.00,0.000,0.000,OFF,#5,HOLDING,0.000A/OFF
577,2026-06-02 20:31:58,30.4875,12.00,0.000,0.000,OFF,#5,HOLDING,0.000A/OFF
578,2026-06-02 20:31:59,30.4875,12.00,0.000,0.000,OFF,#5,HOLDING,0.000A/OFF
579,2026-06-02 20:32:00,30.7125,12.00,0.000,0.000,OFF,#5,HOLDING,0.000A/OFF
580,2026-06-02 20:32:01,30.7125,12.00,0.000,0.000,OFF,#5,HOLDING,0.000A/OFF
581,2026-06-02 20:32:02,30.9000,12.00,0.000,0.000,A,#5,HOLDING,0.117A/A
582,2026-06-02 20:32:04,31.1000,12.00,0.000,0.000,A,#5,HOLDING,0.195A/A
583,2026-06-02 20:32:06,31.2375,0.81,0.000,0.000,A,#5,HOLDING,0.262A/A
584,2026-06-02 20:32:08,31.3625,0.81,0.226,0.403,A,#5,HOLDING,0.297A/A
585,2026-06-02 20:32:10,31.4500,0.81,0.226,0.403,A,#5,HOLDING,0.358A/A
586,2026-06-02 20:32:12,31.5250,0.81,0.226,0.403,A,#5,HOLDING,0.405A/A
587,2026-06-02 20:32:14,31.5625,2.88,0.226,0.403,A,#5,HOLDING,0.456A/A
588,2026-06-02 20:32:15,31.6125,2.88,0.432,1.550,A,#5,HOLDING,0.516A/A
589,2026-06-02 20:32:18,31.6250,2.88,0.432,1.550,A,#5,HOLDING,0.585A/A
590,2026-06-02 20:32:19,31.6000,2.88,0.432,1.550,A,#5,HOLDING,0.628A/A
591,2026-06-02 20:32:21,31.6250,4.78,0.432,1.550,A,#5,HOLDING,0.687A/A
592,2026-06-02 20:32:23,31.5750,4.78,0.687,3.771,A,#5,HOLDING,0.736A/A
593,2026-06-02 20:32:25,31.5250,4.78,0.687,3.771,A,#5,HOLDING,0.805A/A
594,2026-06-02 20:32:27,31.4250,4.78,0.687,3.771,A,#5,HOLDING,0.831A/A
595,2026-06-02 20:32:29,31.3625,6.58,0.687,3.771,A,#5,HOLDING,0.877A/A
596,2026-06-02 20:32:31,31.2625,6.58,0.877,6.270,A,#5,HOLDING,0.913A/A
597,2026-06-02 20:32:33,31.1375,6.58,0.877,6.270,A,#5,HOLDING,0.962A/A
598,2026-06-02 20:32:35,31.0125,6.58,0.877,6.270,A,#5,HOLDING,0.980A/A
599,2026-06-02 20:32:37,30.8875,7.91,0.877,6.270,A,#5,HOLDING,0.961A/A
600,2026-06-02 20:32:38,30.6875,7.91,0.961,7.668,A,#5,HOLDING,0.977A/A
601,2026-06-02 20:32:41,30.5250,7.91,0.961,7.668,A,#5,HOLDING,1.004A/A
602,2026-06-02 20:32:42,30.3750,7.91,0.961,7.668,A,#5,HOLDING,1.012A/A
603,2026-06-02 20:32:44,30.2000,8.34,0.961,7.668,A,#5,HOLDING,1.022A/A
604,2026-06-02 20:32:46,30.0000,8.34,1.022,8.758,A,#5,HOLDING,1.016A/A
605,2026-06-02 20:32:48,29.7625,8.34,1.022,8.758,A,#5,HOLDING,1.000A/A
606,2026-06-02 20:32:50,29.5625,8.34,1.022,8.758,A,#5,HOLDING,0.996A/A
607,2026-06-02 20:32:52,29.3875,8.27,1.022,8.758,A,#5,HOLDING,0.975A/A
608,2026-06-02 20:32:54,29.1375,8.27,0.975,8.160,A,#5,HOLDING,0.936A/A
609,2026-06-02 20:32:56,28.9500,8.27,0.975,8.160,A,#5,HOLDING,0.841A/A
610,2026-06-02 20:32:58,28.7000,8.27,0.975,8.160,A,#5,HOLDING,0.775A/A
611,2026-06-02 20:32:59,28.5000,6.81,0.975,8.160,A,#5,HOLDING,0.713A/A
612,2026-06-02 20:33:01,28.3000,6.81,0.713,4.634,A,#5,HOLDING,0.634A/A
613,2026-06-02 20:33:04,28.0750,6.81,0.713,4.634,A,#5,HOLDING,0.543A/A
614,2026-06-02 20:33:05,27.8500,6.81,0.713,4.634,A,#5,HOLDING,0.455A/A
615,2026-06-02 20:33:07,27.6250,4.57,0.713,4.634,A,#5,HOLDING,0.352A/A
616,2026-06-02 20:33:09,27.4250,4.57,0.402,1.330,A,#5,HOLDING,0.244A/A
617,2026-06-02 20:33:11,27.2250,4.57,0.402,1.330,A,#5,HOLDING,0.111A/A
618,2026-06-02 20:33:13,27.0000,4.57,0.402,1.330,OFF,#5,HOLDING,0.000A/OFF
619,2026-06-02 20:33:14,27.0000,4.57,0.402,1.330,OFF,#5,HOLDING,0.000A/OFF
620,2026-06-02 20:33:15,26.8625,12.00,0.402,1.330,OFF,#5,HOLDING,0.000A/OFF
621,2026-06-02 20:33:16,26.8625,12.00,1.503,0.000,B,#5,HOLDING,0.132A/B
622,2026-06-02 20:33:18,26.5125,12.00,1.503,0.000,B,#5,HOLDING,0.314A/B
623,2026-06-02 20:33:20,26.5125,12.00,1.503,0.000,B,#5,HOLDING,0.416A/B
624,2026-06-02 20:33:22,26.3125,3.04,1.503,0.000,B,#5,HOLDING,0.569A/B
625,2026-06-02 20:33:23,26.1750,3.04,0.489,2.503,B,#5,HOLDING,0.711A/B
626,2026-06-02 20:33:26,25.9250,3.04,0.489,2.503,B,#5,HOLDING,0.923A/B
627,2026-06-02 20:33:27,25.9250,3.04,0.489,2.503,B,#5,HOLDING,1.000A/B
628,2026-06-02 20:33:29,25.8250,7.67,0.489,2.503,B,#5,HOLDING,1.050A/B
629,2026-06-02 20:33:31,25.7750,7.67,1.026,8.725,B,#5,HOLDING,1.202A/B
630,2026-06-02 20:33:33,25.6625,7.67,1.026,8.725,B,#5,HOLDING,1.416A/B
631,2026-06-02 20:33:35,25.6625,7.67,1.026,8.725,B,#5,HOLDING,1.500A/B
632,2026-06-02 20:33:37,25.6625,11.35,1.026,8.725,B,#5,HOLDING,1.548A/B
633,2026-06-02 20:33:39,25.6875,11.35,1.548,18.540,B,#5,HOLDING,1.000A/B
634,2026-06-02 20:33:41,25.6875,11.35,1.548,18.540,B,#5,HOLDING,1.700A/B
635,2026-06-02 20:33:43,25.7625,11.35,1.548,18.540,B,#5,HOLDING,1.827A/B
636,2026-06-02 20:33:44,25.8375,12.00,1.548,18.540,B,#5,HOLDING,1.000A/B
637,2026-06-02 20:33:46,25.9250,12.00,1.263,8.590,B,#5,HOLDING,1.000A/B
638,2026-06-02 20:33:49,26.0750,12.00,1.263,8.590,B,#5,HOLDING,1.000A/B
639,2026-06-02 20:33:50,26.2375,12.00,1.263,8.590,B,#5,HOLDING,1.946A/B
640,2026-06-02 20:33:52,26.3625,12.00,1.263,8.590,B,#5,HOLDING,1.500A/B
641,2026-06-02 20:33:54,26.5500,12.00,1.487,17.616,B,#5,HOLDING,2.063A/B
642,2026-06-02 20:33:56,26.7000,12.00,1.487,17.616,B,#5,HOLDING,2.000A/B
643,2026-06-02 20:33:58,26.8625,12.00,1.487,17.616,B,#5,HOLDING,2.204A/B
644,2026-06-02 20:34:00,27.0625,12.00,1.487,17.616,B,#5,HOLDING,1.500A/B
645,2026-06-02 20:34:02,27.2750,12.00,1.434,17.028,B,#5,HOLDING,2.242A/B
646,2026-06-02 20:34:04,27.4750,12.00,1.434,17.028,B,#5,HOLDING,2.357A/B
647,2026-06-02 20:34:06,27.7375,12.00,1.434,17.028,B,#5,HOLDING,2.405A/B
648,2026-06-02 20:34:07,27.9625,12.00,1.434,17.028,B,#5,HOLDING,2.469A/B
649,2026-06-02 20:34:09,28.2250,12.00,1.403,16.632,B,#5,HOLDING,1.000A/B
650,2026-06-02 20:34:12,28.5000,12.00,1.403,16.632,B,#5,HOLDING,2.507A/B
651,2026-06-02 20:34:13,28.7125,12.00,1.403,16.632,B,#5,HOLDING,2.000A/B
652,2026-06-02 20:34:15,28.9625,12.00,1.403,16.632,B,#5,HOLDING,2.526A/B
653,2026-06-02 20:34:17,29.2375,12.00,1.382,16.404,B,#5,HOLDING,1.500A/B
654,2026-06-02 20:34:19,29.4875,12.00,1.382,16.404,B,#5,HOLDING,2.500A/B
655,2026-06-02 20:34:21,29.7250,12.00,1.382,16.404,B,#5,HOLDING,2.000A/B
656,2026-06-02 20:34:23,30.0250,12.00,1.382,16.404,B,#5,HOLDING,2.000A/B
657,2026-06-02 20:34:24,30.2500,12.00,1.362,16.176,B,#5,HOLDING,2.000A/B
658,2026-06-02 20:34:27,30.5250,12.00,1.362,16.176,B,#5,HOLDING,2.501A/B
659,2026-06-02 20:34:28,30.7750,12.00,1.362,16.176,B,#5,HOLDING,2.476A/B
660,2026-06-02 20:34:30,31.0250,12.00,1.362,16.176,B,#5,HOLDING,1.500A/B
661,2026-06-02 20:34:32,31.2750,12.00,1.345,15.984,B,#5,HOLDING,2.366A/B
662,2026-06-02 20:34:35,31.5250,12.00,1.345,15.984,B,#5,HOLDING,1.500A/B
663,2026-06-02 20:34:36,31.7750,12.00,1.345,15.984,B,#5,HOLDING,1.000A/B
664,2026-06-02 20:34:38,32.0250,9.48,1.345,15.984,B,#5,HOLDING,2.000A/B
665,2026-06-02 20:34:40,32.2750,9.48,1.336,15.888,B,#5,HOLDING,2.238A/B
666,2026-06-02 20:34:42,32.5000,9.48,1.336,15.888,B,#5,HOLDING,1.000A/B
667,2026-06-02 20:34:44,32.7375,9.48,1.336,15.888,B,#5,HOLDING,1.500A/B
668,2026-06-02 20:34:46,32.9375,12.00,1.336,15.888,B,#5,HOLDING,1.500A/B
669,2026-06-02 20:34:47,33.1500,12.00,1.326,15.732,B,#5,HOLDING,1.000A/B
670,2026-06-02 20:34:50,33.3750,12.00,1.326,15.732,B,#5,HOLDING,1.000A/B
671,2026-06-02 20:34:51,33.5500,12.00,1.326,15.732,B,#5,HOLDING,1.500A/B
672,2026-06-02 20:34:53,33.7500,12.00,1.326,15.732,B,#5,HOLDING,2.000A/B
673,2026-06-02 20:34:55,33.9375,12.00,1.318,15.672,B,#5,HOLDING,1.500A/B
674,2026-06-02 20:34:57,34.1625,12.00,1.318,15.672,B,#5,HOLDING,2.000A/B
675,2026-06-02 20:34:59,34.3625,12.00,1.318,15.672,B,#5,HOLDING,2.077A/B
676,2026-06-02 20:35:01,34.5625,12.00,1.318,15.672,B,#5,HOLDING,1.897A/B
677,2026-06-02 20:35:03,34.7375,12.00,1.312,15.600,B,#5,HOLDING,1.712A/B
678,2026-06-02 20:35:05,34.9375,12.00,1.312,15.600,B,#5,HOLDING,1.471A/B
679,2026-06-02 20:35:07,35.1250,12.00,1.312,15.600,B,#5,HOLDING,1.297A/B
680,2026-06-02 20:35:09,35.3250,11.73,1.312,15.600,B,#5,HOLDING,1.089A/B
681,2026-06-02 20:35:10,35.5000,11.73,1.089,11.423,B,#5,HOLDING,0.878A/B
682,2026-06-02 20:35:13,35.7250,11.73,1.089,11.423,B,#5,HOLDING,0.598A/B
683,2026-06-02 20:35:14,35.8750,11.73,1.089,11.423,B,#5,HOLDING,0.405A/B
684,2026-06-02 20:35:16,36.0750,5.17,1.089,11.423,B,#5,HOLDING,0.170A/B
685,2026-06-02 20:35:18,36.2375,5.17,0.170,11.423,OFF,#5,HOLDING,0.000A/OFF
686,2026-06-02 20:35:19,36.3875,5.17,0.170,0.554,OFF,#5,HOLDING,0.208A/A
687,2026-06-02 20:35:21,36.3875,5.17,0.170,0.554,A,#5,HOLDING,0.397A/A
688,2026-06-02 20:35:22,36.5375,5.17,0.170,0.554,A,#5,HOLDING,0.614A/A
689,2026-06-02 20:35:24,36.6625,3.69,0.170,0.554,A,#5,HOLDING,0.862A/A
690,2026-06-02 20:35:26,36.7625,3.69,0.862,5.154,A,#5,HOLDING,1.118A/A
691,2026-06-02 20:35:28,36.8375,3.69,0.862,5.154,A,#5,HOLDING,1.440A/A
692,2026-06-02 20:35:30,36.8750,3.69,0.862,5.154,A,#5,HOLDING,1.658A/A
693,2026-06-02 20:35:32,36.8250,11.75,0.862,5.154,A,#5,HOLDING,1.000A/A
694,2026-06-02 20:35:33,36.8250,11.75,1.323,7.470,A,#5,HOLDING,1.000A/A
695,2026-06-02 20:35:36,36.7250,11.75,1.323,7.470,A,#5,HOLDING,1.891A/A
696,2026-06-02 20:35:37,36.6375,11.75,1.323,7.470,A,#5,HOLDING,2.000A/A
697,2026-06-02 20:35:39,36.4875,12.00,1.323,7.470,A,#5,HOLDING,2.082A/A
698,2026-06-02 20:35:41,36.3250,12.00,1.597,18.924,A,#5,HOLDING,1.000A/A
699,2026-06-02 20:35:43,36.1250,12.00,1.597,18.924,A,#5,HOLDING,1.500A/A
700,2026-06-02 20:35:45,35.9500,12.00,1.597,18.924,A,#5,HOLDING,2.280A/A
701,2026-06-02 20:35:47,35.7000,12.00,1.597,18.924,A,#5,HOLDING,2.000A/A
702,2026-06-02 20:35:49,35.4750,12.00,1.545,18.336,A,#5,HOLDING,1.500A/A
703,2026-06-02 20:35:51,35.2250,12.00,1.545,18.336,A,#5,HOLDING,2.452A/A
704,2026-06-02 20:35:53,34.9750,12.00,1.545,18.336,A,#5,HOLDING,1.000A/A
705,2026-06-02 20:35:55,34.7000,8.28,1.545,18.336,A,#5,HOLDING,2.581A/A
706,2026-06-02 20:35:56,34.4125,8.28,1.252,17.844,A,#5,HOLDING,2.725A/A
707,2026-06-02 20:35:59,34.1125,8.28,1.252,17.844,A,#5,HOLDING,2.907A/A
708,2026-06-02 20:36:00,33.8375,8.28,1.252,17.844,A,#5,HOLDING,2.500A/A
709,2026-06-02 20:36:02,33.4875,12.00,1.252,17.844,A,#5,HOLDING,2.996A/A
710,2026-06-02 20:36:04,33.1625,12.00,1.469,17.424,A,#5,HOLDING,3.000A/A
711,2026-06-02 20:36:06,32.8625,12.00,1.469,17.424,A,#5,HOLDING,2.000A/A
712,2026-06-02 20:36:08,32.5250,12.00,1.469,17.424,A,#5,HOLDING,2.991A/A
713,2026-06-02 20:36:10,32.2000,12.00,1.469,17.424,A,#5,HOLDING,2.000A/A
714,2026-06-02 20:36:12,31.9000,12.00,1.445,17.208,A,#5,HOLDING,2.989A/A
715,2026-06-02 20:36:14,31.5750,12.00,1.445,17.208,A,#5,HOLDING,2.989A/A
716,2026-06-02 20:36:16,31.2750,12.00,1.445,17.208,A,#5,HOLDING,1.000A/A
717,2026-06-02 20:36:17,30.9250,8.80,1.445,17.208,A,#5,HOLDING,1.000A/A
718,2026-06-02 20:36:19,30.6125,8.80,1.000,8.970,A,#5,HOLDING,1.500A/A
719,2026-06-02 20:36:22,30.2875,8.80,1.000,8.970,A,#5,HOLDING,1.000A/A
720,2026-06-02 20:36:23,29.9625,8.80,1.000,8.970,A,#5,HOLDING,1.500A/A
721,2026-06-02 20:36:25,29.6625,12.00,1.000,8.970,A,#5,HOLDING,2.914A/A
722,2026-06-02 20:36:27,29.3500,12.00,1.428,16.992,A,#5,HOLDING,2.882A/A
723,2026-06-02 20:36:29,29.0750,12.00,1.428,16.992,A,#5,HOLDING,2.852A/A
724,2026-06-02 20:36:31,28.7750,12.00,1.428,16.992,A,#5,HOLDING,1.000A/A
725,2026-06-02 20:36:33,28.5000,8.87,1.428,16.992,A,#5,HOLDING,2.500A/A
726,2026-06-02 20:36:35,28.1875,8.87,1.425,16.896,A,#5,HOLDING,2.000A/A
727,2026-06-02 20:36:37,27.8875,8.87,1.425,16.896,A,#5,HOLDING,2.500A/A
728,2026-06-02 20:36:38,27.6500,8.87,1.425,16.896,A,#5,HOLDING,1.000A/A
729,2026-06-02 20:36:40,27.3750,8.96,1.425,16.896,A,#5,HOLDING,1.500A/A
730,2026-06-02 20:36:42,27.1250,8.96,1.211,16.944,A,#5,HOLDING,2.500A/A
731,2026-06-02 20:36:45,26.8250,8.96,1.211,16.944,A,#5,HOLDING,2.000A/A
732,2026-06-02 20:36:46,26.6250,8.96,1.211,16.944,A,#5,HOLDING,2.500A/A
733,2026-06-02 20:36:48,26.3250,12.00,1.211,16.944,A,#5,HOLDING,2.500A/A
734,2026-06-02 20:36:50,26.0625,12.00,1.414,16.824,A,#5,HOLDING,2.668A/A
735,2026-06-02 20:36:52,25.8375,12.00,1.414,16.824,A,#5,HOLDING,1.000A/A
736,2026-06-02 20:36:54,25.6000,12.00,1.414,16.824,A,#5,HOLDING,2.000A/A
737,2026-06-02 20:36:56,25.3500,12.00,1.414,16.824,A,#5,HOLDING,1.500A/A
738,2026-06-02 20:36:57,25.1250,12.00,1.410,16.800,A,#5,HOLDING,2.426A/A
739,2026-06-02 20:37:00,24.8750,12.00,1.410,16.800,A,#5,HOLDING,2.172A/A
740,2026-06-02 20:37:01,24.6625,12.00,1.410,16.800,A,#5,HOLDING,1.992A/A
741,2026-06-02 20:37:03,24.4375,12.00,1.410,16.800,A,#5,HOLDING,1.774A/A
742,2026-06-02 20:37:05,24.2625,12.00,1.406,16.716,A,#5,HOLDING,1.500A/A
743,2026-06-02 20:37:07,24.0625,12.00,1.406,16.716,A,#5,HOLDING,1.548A/A
744,2026-06-02 20:37:09,23.8250,12.00,1.406,16.716,A,#5,HOLDING,1.000A/A
745,2026-06-02 20:37:11,23.6250,9.04,1.406,16.716,A,#5,HOLDING,1.000A/A
746,2026-06-02 20:37:13,23.4125,9.04,1.000,9.240,A,#5,HOLDING,1.313A/A
747,2026-06-02 20:37:15,23.2375,9.04,1.000,9.240,A,#1,APPROACH,0.512A/A
748,2026-06-02 20:37:17,23.0500,9.04,1.000,9.240,A,#1,APPROACH,0.708A/A
749,2026-06-02 20:37:19,22.8750,9.04,1.000,9.240,A,#1,APPROACH,0.904A/A
750,2026-06-02 20:37:22,22.5000,9.58,0.904,9.240,A,#1,APPROACH,1.065A/A
751,2026-06-02 20:37:23,22.5000,9.58,0.904,10.170,A,#1,APPROACH,1.236A/A
752,2026-06-02 20:37:25,22.3875,9.58,0.904,10.170,A,#1,APPROACH,1.000A/A
753,2026-06-02 20:37:26,22.2375,9.58,0.904,10.170,A,#1,APPROACH,1.367A/A
754,2026-06-02 20:37:28,22.0750,11.38,0.904,10.170,A,#1,APPROACH,1.000A/A
755,2026-06-02 20:37:30,21.9250,11.38,1.043,9.070,A,#1,APPROACH,1.497A/A
756,2026-06-02 20:37:33,21.8250,11.38,1.043,9.070,A,#1,APPROACH,1.676A/A
757,2026-06-02 20:37:34,21.6750,11.38,1.043,9.070,A,#1,APPROACH,1.000A/A
758,2026-06-02 20:37:36,21.5500,8.89,1.043,9.070,A,#1,APPROACH,1.781A/A
759,2026-06-02 20:37:38,21.4250,8.89,1.421,16.920,A,#1,APPROACH,1.898A/A
760,2026-06-02 20:37:40,21.3000,8.89,1.421,16.920,A,#1,APPROACH,2.051A/A
761,2026-06-02 20:37:42,21.1500,8.89,1.421,16.920,A,#1,APPROACH,2.144A/A
762,2026-06-02 20:37:44,21.0250,12.00,1.421,16.920,A,#1,APPROACH,1.000A/A
763,2026-06-02 20:37:46,20.9000,12.00,1.013,9.110,A,#1,APPROACH,2.208A/A
764,2026-06-02 20:37:48,20.7750,12.00,1.013,9.110,A,#1,APPROACH,2.341A/A
765,2026-06-02 20:37:49,20.6500,12.00,1.013,9.110,A,#1,APPROACH,2.000A/A
766,2026-06-02 20:37:51,20.5500,12.00,1.013,9.110,A,#1,APPROACH,2.416A/A
767,2026-06-02 20:37:53,20.4250,12.00,1.408,16.740,A,#1,APPROACH,2.496A/A
768,2026-06-02 20:37:56,20.3375,12.00,1.408,16.740,A,#1,APPROACH,2.612A/A
769,2026-06-02 20:37:57,20.2125,12.00,1.408,16.740,A,#1,APPROACH,2.671A/A
770,2026-06-02 20:37:59,20.1125,12.00,1.408,16.740,A,#1,APPROACH,1.500A/A
771,2026-06-02 20:38:01,20.0125,12.00,1.403,16.668,A,#1,APPROACH,1.000A/A
772,2026-06-02 20:38:03,19.9000,12.00,1.403,16.668,A,#1,APPROACH,1.500A/A
773,2026-06-02 20:38:05,19.8000,12.00,1.403,16.668,A,#1,APPROACH,1.000A/A
774,2026-06-02 20:38:07,19.6750,9.06,1.403,16.668,A,#1,APPROACH,1.000A/A
775,2026-06-02 20:38:08,19.5500,9.06,1.000,9.220,A,#1,APPROACH,1.500A/A
776,2026-06-02 20:38:11,19.4625,9.06,1.000,9.220,A,#1,APPROACH,2.716A/A
777,2026-06-02 20:38:12,19.3375,9.06,1.000,9.220,A,#1,APPROACH,2.500A/A
778,2026-06-02 20:38:14,19.2375,12.00,1.000,9.220,A,#1,APPROACH,1.500A/A
779,2026-06-02 20:38:16,19.1625,12.00,1.406,16.716,A,#1,APPROACH,2.000A/A
780,2026-06-02 20:38:19,19.0750,12.00,1.406,16.716,A,#1,APPROACH,1.000A/A
781,2026-06-02 20:38:20,18.9500,12.00,1.406,16.716,A,#1,HOLDING,2.000A/A
782,2026-06-02 20:38:22,18.8875,12.00,1.406,16.716,OFF,#1,HOLDING,0.000A/OFF
783,2026-06-02 20:38:23,18.8875,12.00,1.406,16.716,OFF,#1,HOLDING,0.000A/OFF
784,2026-06-02 20:38:24,18.7875,12.00,1.406,16.716,OFF,#1,HOLDING,0.000A/OFF
785,2026-06-02 20:38:25,18.7875,12.00,1.406,8.364,OFF,#1,HOLDING,0.000A/OFF
786,2026-06-02 20:38:26,18.7125,12.00,1.406,8.364,OFF,#1,HOLDING,0.000A/OFF
787,2026-06-02 20:38:27,18.6125,12.00,1.406,8.364,OFF,#1,HOLDING,0.000A/OFF
788,2026-06-02 20:38:28,18.6125,12.00,1.406,8.364,OFF,#1,HOLDING,0.000A/OFF
789,2026-06-02 20:38:29,18.5250,12.00,1.406,8.364,A,#1,HOLDING,0.100A/A
790,2026-06-02 20:38:31,18.5250,12.00,0.000,0.185,A,#1,HOLDING,0.133A/A
791,2026-06-02 20:38:33,18.4375,12.00,0.000,0.185,A,#1,HOLDING,0.148A/A
792,2026-06-02 20:38:35,18.4375,12.00,0.000,0.185,A,#1,HOLDING,0.177A/A
793,2026-06-02 20:38:37,18.4375,2.31,0.000,0.185,A,#1,HOLDING,0.194A/A
794,2026-06-02 20:38:38,18.4375,2.31,0.194,0.475,A,#1,HOLDING,0.216A/A
795,2026-06-02 20:38:41,18.4750,2.31,0.194,0.475,A,#1,HOLDING,0.242A/A
796,2026-06-02 20:38:42,18.4750,2.31,0.194,0.475,A,#1,HOLDING,0.257A/A
797,2026-06-02 20:38:44,18.5000,2.87,0.194,0.475,A,#1,HOLDING,0.278A/A
798,2026-06-02 20:38:46,18.5375,2.87,0.278,0.850,A,#1,HOLDING,0.299A/A
799,2026-06-02 20:38:49,18.6000,2.87,0.278,0.850,A,#1,HOLDING,0.332A/A
800,2026-06-02 20:38:50,18.6000,2.87,0.278,0.850,A,#1,HOLDING,0.349A/A
801,2026-06-02 20:38:52,18.6250,3.54,0.278,0.850,A,#1,HOLDING,0.371A/A
802,2026-06-02 20:38:54,18.6875,3.54,0.371,1.406,A,#1,HOLDING,0.398A/A
803,2026-06-02 20:38:56,18.7625,3.54,0.371,1.406,A,#1,HOLDING,0.442A/A
804,2026-06-02 20:38:58,18.8125,3.54,0.371,1.406,A,#1,HOLDING,0.471A/A
805,2026-06-02 20:39:00,18.8125,4.46,0.371,1.406,A,#1,HOLDING,0.496A/A
806,2026-06-02 20:39:02,18.8500,4.46,0.482,2.375,A,#1,HOLDING,0.525A/A
807,2026-06-02 20:39:04,18.9250,4.46,0.482,2.375,A,#1,HOLDING,0.570A/A
808,2026-06-02 20:39:06,19.0000,4.46,0.482,2.375,A,#1,HOLDING,0.660A/A
809,2026-06-02 20:39:08,19.0000,5.86,0.482,2.375,A,#1,HOLDING,0.694A/A
810,2026-06-02 20:39:09,19.0125,5.86,0.675,4.358,A,#1,HOLDING,0.727A/A
811,2026-06-02 20:39:12,19.1250,5.86,0.675,4.358,A,#1,HOLDING,0.786A/A
812,2026-06-02 20:39:13,19.1250,5.86,0.675,4.358,A,#1,HOLDING,0.822A/A
813,2026-06-02 20:39:15,19.1250,7.16,0.675,4.358,A,#1,HOLDING,0.863A/A
814,2026-06-02 20:39:17,19.1250,7.16,0.841,6.593,A,#1,HOLDING,0.896A/A
815,2026-06-02 20:39:19,19.1875,7.16,0.841,6.593,A,#1,HOLDING,0.961A/A
816,2026-06-02 20:39:21,19.1875,7.16,0.841,6.593,A,#1,HOLDING,0.998A/A
817,2026-06-02 20:39:23,19.1875,8.51,0.841,6.593,A,#1,HOLDING,1.043A/A
818,2026-06-02 20:39:25,19.1625,8.51,1.022,9.407,A,#1,HOLDING,1.077A/A
819,2026-06-02 20:39:27,19.1500,8.51,1.022,9.407,A,#1,HOLDING,1.130A/A
820,2026-06-02 20:39:29,19.1500,8.51,1.022,9.407,A,#1,HOLDING,1.166A/A
821,2026-06-02 20:39:31,19.1250,9.75,1.022,9.407,A,#1,HOLDING,1.000A/A
822,2026-06-02 20:39:32,19.1250,9.75,1.045,8.800,A,#1,HOLDING,1.208A/A
823,2026-06-02 20:39:35,19.0625,9.75,1.045,8.800,A,#1,HOLDING,1.251A/A
824,2026-06-02 20:39:36,19.0625,9.75,1.045,8.800,A,#1,HOLDING,1.000A/A
825,2026-06-02 20:39:38,19.0125,8.63,1.045,8.800,A,#1,HOLDING,1.279A/A
826,2026-06-02 20:39:40,18.9625,8.63,1.260,13.825,A,#1,HOLDING,1.000A/A
827,2026-06-02 20:39:42,18.8750,8.63,1.260,13.825,A,#1,HOLDING,1.257A/A
828,2026-06-02 20:39:44,18.8750,8.63,1.260,13.825,A,#1,HOLDING,1.000A/A
829,2026-06-02 20:39:46,18.8250,8.71,1.260,13.825,A,#1,HOLDING,1.290A/A
830,2026-06-02 20:39:48,18.7750,8.71,1.262,14.138,A,#1,HOLDING,1.000A/A
831,2026-06-02 20:39:50,18.6875,8.71,1.262,14.138,A,#1,HOLDING,1.000A/A
832,2026-06-02 20:39:52,18.6875,8.71,1.262,14.138,A,#2,APPROACH,1.319A/A
833,2026-06-02 20:39:54,18.6125,4.21,1.262,14.138,B,#2,APPROACH,0.136A/B
834,2026-06-02 20:39:56,18.5500,4.21,0.041,14.138,B,#2,APPROACH,0.188A/B
835,2026-06-02 20:39:58,18.4625,4.21,0.041,0.000,B,#2,APPROACH,0.260A/B
836,2026-06-02 20:40:00,18.4125,4.21,0.041,0.000,B,#2,APPROACH,0.348A/B
837,2026-06-02 20:40:02,18.4125,4.21,0.041,0.000,B,#2,APPROACH,0.415A/B
838,2026-06-02 20:40:03,18.3750,2.78,0.041,0.000,B,#2,APPROACH,0.509A/B
839,2026-06-02 20:40:05,18.3500,2.78,0.498,1.868,B,#2,APPROACH,0.607A/B
840,2026-06-02 20:40:08,18.4000,2.78,0.498,1.868,B,#2,APPROACH,0.725A/B
841,2026-06-02 20:40:09,18.4000,2.78,0.498,1.868,B,#2,APPROACH,0.804A/B
842,2026-06-02 20:40:11,18.4125,5.97,0.498,1.868,B,#2,APPROACH,0.896A/B
843,2026-06-02 20:40:13,18.5125,5.97,0.875,6.137,B,#2,APPROACH,0.977A/B
844,2026-06-02 20:40:15,18.7000,5.97,0.875,6.137,B,#2,APPROACH,1.000A/B
845,2026-06-02 20:40:17,18.7000,5.97,0.875,6.137,B,#2,APPROACH,1.064A/B
846,2026-06-02 20:40:19,18.9500,8.14,0.875,6.137,B,#2,APPROACH,1.000A/B
847,2026-06-02 20:40:21,18.9500,8.14,1.000,7.940,B,#2,APPROACH,1.129A/B
848,2026-06-02 20:40:23,19.2625,8.14,1.000,7.940,B,#2,APPROACH,1.172A/B
849,2026-06-02 20:40:25,19.4250,8.14,1.000,7.940,B,#2,APPROACH,1.220A/B
850,2026-06-02 20:40:27,19.6250,9.50,1.000,7.940,B,#2,APPROACH,1.242A/B
851,2026-06-02 20:40:29,19.6250,9.50,1.242,12.407,B,#2,APPROACH,1.000A/B
852,2026-06-02 20:40:31,20.0875,9.50,1.242,12.407,B,#2,HOLDING,1.233A/B
853,2026-06-02 20:40:33,20.2750,9.50,1.242,12.407,OFF,#2,HOLDING,0.000A/OFF
854,2026-06-02 20:40:34,20.2750,9.50,1.242,12.407,OFF,#2,HOLDING,0.000A/OFF
855,2026-06-02 20:40:35,20.5250,12.00,1.242,12.407,OFF,#2,HOLDING,0.000A/OFF
856,2026-06-02 20:40:36,20.5250,12.00,0.000,12.407,OFF,#2,HOLDING,0.000A/OFF
857,2026-06-02 20:40:37,20.7750,12.00,0.000,0.000,OFF,#2,HOLDING,0.000A/OFF
858,2026-06-02 20:40:38,20.7750,12.00,0.000,0.000,OFF,#2,HOLDING,0.000A/OFF
859,2026-06-02 20:40:39,21.0250,12.00,0.000,0.000,OFF,#2,HOLDING,0.000A/OFF
860,2026-06-02 20:40:40,21.0250,12.00,0.000,0.000,OFF,#2,HOLDING,0.000A/OFF
861,2026-06-02 20:40:41,21.2875,12.00,0.000,0.000,OFF,#2,HOLDING,0.000A/OFF
862,2026-06-02 20:40:42,21.2875,12.00,0.000,0.000,OFF,#2,HOLDING,0.000A/OFF
863,2026-06-02 20:40:43,21.4625,12.00,0.000,0.000,OFF,#2,HOLDING,0.000A/OFF
864,2026-06-02 20:40:44,21.4625,12.00,0.000,0.000,OFF,#2,HOLDING,0.000A/OFF
865,2026-06-02 20:40:45,21.6750,12.00,0.000,0.000,OFF,#2,HOLDING,0.000A/OFF
866,2026-06-02 20:40:46,21.6750,12.00,0.000,0.000,OFF,#2,HOLDING,0.000A/OFF
867,2026-06-02 20:40:47,21.8500,12.00,0.000,0.000,OFF,#2,HOLDING,0.000A/OFF
868,2026-06-02 20:40:48,21.8500,12.00,0.000,0.000,OFF,#2,HOLDING,0.000A/OFF
869,2026-06-02 20:40:49,22.0375,12.00,0.000,0.000,A,#2,HOLDING,0.167A/A
870,2026-06-02 20:40:51,22.1625,12.00,0.000,0.000,A,#2,HOLDING,0.202A/A
871,2026-06-02 20:40:53,22.3000,12.00,0.000,0.000,A,#2,HOLDING,0.267A/A
872,2026-06-02 20:40:54,22.4500,2.17,0.000,0.000,A,#2,HOLDING,0.310A/A
873,2026-06-02 20:40:56,22.5750,2.17,0.289,0.809,A,#2,HOLDING,0.378A/A
874,2026-06-02 20:40:59,22.6750,2.17,0.289,0.809,A,#2,HOLDING,0.457A/A
875,2026-06-02 20:41:00,22.7875,2.17,0.289,0.809,A,#2,HOLDING,0.518A/A
876,2026-06-02 20:41:02,22.8625,4.23,0.289,0.809,A,#2,HOLDING,0.584A/A
877,2026-06-02 20:41:04,22.9375,4.23,0.548,2.855,A,#2,HOLDING,0.660A/A
878,2026-06-02 20:41:06,23.0125,4.23,0.548,2.855,A,#2,HOLDING,0.754A/A
879,2026-06-02 20:41:08,23.0375,4.23,0.548,2.855,A,#2,HOLDING,0.817A/A
880,2026-06-02 20:41:10,23.0625,6.67,0.548,2.855,A,#2,HOLDING,0.890A/A
881,2026-06-02 20:41:12,23.1250,6.67,0.870,6.594,A,#2,HOLDING,0.975A/A
882,2026-06-02 20:41:14,23.1000,6.67,0.870,6.594,A,#2,HOLDING,1.069A/A
883,2026-06-02 20:41:16,23.1250,6.67,0.870,6.594,A,#2,HOLDING,1.000A/A
884,2026-06-02 20:41:18,23.0750,8.11,0.870,6.594,A,#2,HOLDING,1.000A/A
885,2026-06-02 20:41:19,23.0625,8.11,1.000,8.370,A,#2,HOLDING,1.124A/A
886,2026-06-02 20:41:22,23.0125,8.11,1.000,8.370,A,#2,HOLDING,1.209A/A
887,2026-06-02 20:41:23,22.9625,8.11,1.000,8.370,A,#2,HOLDING,1.000A/A
888,2026-06-02 20:41:25,22.8875,8.29,1.000,8.370,A,#2,HOLDING,1.259A/A
889,2026-06-02 20:41:27,22.8375,8.29,1.234,13.055,A,#2,HOLDING,1.324A/A
890,2026-06-02 20:41:30,22.7625,8.29,1.234,13.055,A,#2,HOLDING,1.405A/A
891,2026-06-02 20:41:31,22.6750,8.29,1.234,13.055,A,#2,HOLDING,1.454A/A
892,2026-06-02 20:41:33,22.6000,11.68,1.234,13.055,A,#2,HOLDING,1.000A/A
893,2026-06-02 20:41:35,22.5125,11.68,1.120,8.700,A,#2,HOLDING,1.500A/A
894,2026-06-02 20:41:37,22.4125,11.68,1.120,8.700,A,#2,HOLDING,1.501A/A
895,2026-06-02 20:41:39,22.3000,11.68,1.120,8.700,A,#2,HOLDING,1.536A/A
896,2026-06-02 20:41:41,22.1750,12.00,1.120,8.700,A,#2,HOLDING,1.571A/A
897,2026-06-02 20:41:43,22.0250,12.00,1.459,17.364,A,#2,HOLDING,1.599A/A
898,2026-06-02 20:41:45,21.9250,12.00,1.459,17.364,A,#2,HOLDING,1.603A/A
899,2026-06-02 20:41:46,21.8000,12.00,1.459,17.364,A,#2,HOLDING,1.000A/A
900,2026-06-02 20:41:48,21.6750,8.74,1.459,17.364,A,#2,HOLDING,1.000A/A
901,2026-06-02 20:41:50,21.5500,8.74,1.000,8.950,A,#2,HOLDING,1.614A/A
902,2026-06-02 20:41:53,21.4250,8.74,1.000,8.950,A,#2,HOLDING,1.000A/A
903,2026-06-02 20:41:54,21.2875,8.74,1.000,8.950,A,#2,HOLDING,1.500A/A
904,2026-06-02 20:41:56,21.1125,12.00,1.000,8.950,A,#2,HOLDING,1.620A/A
905,2026-06-02 20:41:58,21.0500,12.00,1.434,17.064,A,#2,HOLDING,1.000A/A
906,2026-06-02 20:42:00,20.9000,12.00,1.434,17.064,A,#2,HOLDING,1.627A/A
907,2026-06-02 20:42:02,20.7750,12.00,1.434,17.064,A,#2,HOLDING,1.000A/A
908,2026-06-02 20:42:04,20.6250,8.88,1.434,17.064,A,#2,HOLDING,1.000A/A
909,2026-06-02 20:42:05,20.5125,8.88,1.000,9.050,A,#2,HOLDING,1.608A/A
910,2026-06-02 20:42:08,20.3875,8.88,1.000,9.050,A,#2,HOLDING,1.583A/A
911,2026-06-02 20:42:09,20.3125,8.88,1.000,9.050,A,#2,HOLDING,1.563A/A
912,2026-06-02 20:42:11,20.1625,12.00,1.000,9.050,A,#2,HOLDING,1.532A/A
913,2026-06-02 20:42:13,20.1125,12.00,1.424,16.944,A,#2,HOLDING,1.500A/A
914,2026-06-02 20:42:16,19.9875,12.00,1.424,16.944,A,#2,HOLDING,1.446A/A
915,2026-06-02 20:42:17,19.8625,12.00,1.424,16.944,A,#2,HOLDING,1.402A/A
916,2026-06-02 20:42:19,19.7375,11.70,1.424,16.944,A,#2,HOLDING,1.343A/A
917,2026-06-02 20:42:21,19.6125,11.70,1.343,15.551,A,#2,HOLDING,1.287A/A
918,2026-06-02 20:42:23,19.4875,11.70,1.343,15.551,A,#2,HOLDING,1.213A/A
919,2026-06-02 20:42:25,19.4000,11.70,1.343,15.551,A,#2,HOLDING,1.000A/A
920,2026-06-02 20:42:27,19.3000,9.02,1.343,15.551,A,#2,HOLDING,1.000A/A
921,2026-06-02 20:42:29,19.1750,9.02,1.000,9.190,A,#2,HOLDING,1.151A/A
922,2026-06-02 20:42:31,19.0750,9.02,1.000,9.190,A,#2,HOLDING,1.000A/A
923,2026-06-02 20:42:33,18.9875,9.02,1.000,9.190,A,#2,HOLDING,1.000A/A
924,2026-06-02 20:42:34,18.8875,9.04,1.000,9.190,A,#2,HOLDING,1.047A/A
925,2026-06-02 20:42:36,18.8125,9.04,1.047,9.946,A,#2,HOLDING,0.966A/A
926,2026-06-02 20:42:39,18.7375,9.04,1.047,9.946,A,#2,HOLDING,0.858A/A
927,2026-06-02 20:42:40,18.6500,9.04,1.047,9.946,A,#2,HOLDING,0.777A/A
928,2026-06-02 20:42:42,18.5750,7.35,1.047,9.946,A,#2,HOLDING,0.681A/A
929,2026-06-02 20:42:44,18.4875,7.35,0.681,4.630,A,#2,HOLDING,0.578A/A
930,2026-06-02 20:42:46,18.4375,7.35,0.681,4.630,A,#2,HOLDING,0.459A/A
931,2026-06-02 20:42:48,18.3750,7.35,0.681,4.630,A,#2,HOLDING,0.366A/A
932,2026-06-02 20:42:50,18.3250,4.22,0.681,4.630,A,#2,HOLDING,0.262A/A
933,2026-06-02 20:42:52,18.2750,4.22,0.262,0.882,A,#2,HOLDING,0.158A/A
934,2026-06-02 20:42:54,18.2250,4.22,0.262,0.882,OFF,#2,HOLDING,0.000A/OFF
935,2026-06-02 20:42:55,18.1875,4.22,0.262,0.882,OFF,#2,HOLDING,0.000A/OFF
936,2026-06-02 20:42:56,18.1875,4.22,0.262,0.882,OFF,#2,HOLDING,0.000A/OFF
937,2026-06-02 20:42:57,18.1875,12.00,0.262,0.882,B,#2,HOLDING,0.148A/B
938,2026-06-02 20:42:59,18.1875,12.00,0.148,0.079,B,#2,HOLDING,0.256A/B
939,2026-06-02 20:43:01,18.1875,12.00,0.148,0.079,B,#2,HOLDING,0.378A/B
940,2026-06-02 20:43:03,18.1875,12.00,0.148,0.079,B,#2,HOLDING,0.449A/B
941,2026-06-02 20:43:05,18.1875,3.00,0.148,0.079,B,#2,HOLDING,0.558A/B
942,2026-06-02 20:43:06,18.1875,3.00,0.545,2.276,B,#2,HOLDING,0.656A/B
943,2026-06-02 20:43:09,18.3375,3.00,0.545,2.276,B,#2,HOLDING,0.761A/B
944,2026-06-02 20:43:10,18.3875,3.00,0.545,2.276,B,#2,HOLDING,0.827A/B
945,2026-06-02 20:43:12,18.5125,6.12,0.545,2.276,B,#2,HOLDING,0.898A/B
946,2026-06-02 20:43:14,18.5125,6.12,0.898,6.232,B,#2,HOLDING,1.000A/B
947,2026-06-02 20:43:17,18.7250,6.12,0.898,6.232,B,#2,HOLDING,0.979A/B
948,2026-06-02 20:43:18,18.7250,6.12,0.898,6.232,B,#2,HOLDING,1.063A/B
949,2026-06-02 20:43:20,19.0125,8.16,0.898,6.232,B,#2,HOLDING,1.094A/B
950,2026-06-02 20:43:22,19.0125,8.16,1.094,9.463,B,#2,HOLDING,1.185A/B
951,2026-06-02 20:43:24,19.4000,8.16,1.094,9.463,B,#2,HOLDING,1.210A/B
952,2026-06-02 20:43:26,19.4000,8.16,1.094,9.463,B,#2,HOLDING,1.291A/B
953,2026-06-02 20:43:28,19.8375,10.08,1.094,9.463,B,#2,HOLDING,1.272A/B
954,2026-06-02 20:43:30,19.8375,10.08,1.272,12.936,B,#2,HOLDING,1.344A/B
955,2026-06-02 20:43:32,20.2750,10.08,1.272,12.936,B,#2,HOLDING,1.000A/B
956,2026-06-02 20:43:34,20.5250,10.08,1.272,12.936,B,#2,HOLDING,1.303A/B
957,2026-06-02 20:43:35,20.8000,10.47,1.272,12.936,B,#2,HOLDING,1.000A/B
958,2026-06-02 20:43:37,20.8000,10.47,1.143,8.540,B,#2,HOLDING,1.319A/B
959,2026-06-02 20:43:40,21.3625,10.47,1.143,8.540,B,#2,HOLDING,1.287A/B
960,2026-06-02 20:43:41,21.6250,10.47,1.143,8.540,B,#2,HOLDING,1.262A/B
961,2026-06-02 20:43:43,21.9250,10.36,1.143,8.540,B,#3,APPROACH,1.196A/B
962,2026-06-02 20:43:45,21.9250,10.36,1.196,0.000,B,#3,APPROACH,0.118A/B
963,2026-06-02 20:43:48,22.5250,10.36,1.196,0.000,OFF,#3,APPROACH,0.000A/OFF
964,2026-06-02 20:43:49,22.5250,10.36,1.196,0.000,OFF,#3,APPROACH,0.000A/OFF
965,2026-06-02 20:43:50,22.7875,10.36,1.196,0.000,OFF,#3,APPROACH,0.000A/OFF
966,2026-06-02 20:43:51,22.7875,10.36,1.196,0.000,OFF,#3,APPROACH,0.000A/OFF
967,2026-06-02 20:43:52,23.0625,10.36,1.196,0.000,OFF,#3,HOLDING,0.000A/OFF
968,2026-06-02 20:43:53,23.0625,12.00,1.196,0.000,OFF,#3,HOLDING,0.000A/OFF
969,2026-06-02 20:43:54,23.3500,12.00,0.000,0.000,OFF,#3,HOLDING,0.000A/OFF
970,2026-06-02 20:43:55,23.6250,12.00,0.000,0.000,OFF,#3,HOLDING,0.000A/OFF
971,2026-06-02 20:43:56,23.6250,12.00,0.000,0.000,OFF,#3,HOLDING,0.000A/OFF
972,2026-06-02 20:43:57,23.8000,12.00,0.000,0.000,OFF,#3,HOLDING,0.000A/OFF
973,2026-06-02 20:43:58,23.8000,12.00,0.000,0.000,OFF,#3,HOLDING,0.000A/OFF
974,2026-06-02 20:43:59,24.0500,12.00,0.000,0.000,OFF,#3,HOLDING,0.000A/OFF
975,2026-06-02 20:44:00,24.0500,12.00,0.000,0.000,OFF,#3,HOLDING,0.000A/OFF
976,2026-06-02 20:44:01,24.2375,12.00,0.000,0.000,OFF,#3,HOLDING,0.000A/OFF
977,2026-06-02 20:44:02,24.2375,12.00,0.000,0.000,OFF,#3,HOLDING,0.000A/OFF
978,2026-06-02 20:44:03,24.4375,12.00,0.000,0.000,OFF,#3,HOLDING,0.000A/OFF
979,2026-06-02 20:44:04,24.4375,12.00,0.000,0.000,OFF,#3,HOLDING,0.000A/OFF
980,2026-06-02 20:44:05,24.5500,12.00,0.000,0.000,OFF,#3,HOLDING,0.000A/OFF
981,2026-06-02 20:44:06,24.5500,12.00,0.000,0.000,OFF,#3,HOLDING,0.000A/OFF
982,2026-06-02 20:44:07,24.7250,12.00,0.000,0.000,OFF,#3,HOLDING,0.000A/OFF
983,2026-06-02 20:44:08,24.7250,12.00,0.000,0.000,OFF,#3,HOLDING,0.000A/OFF
984,2026-06-02 20:44:09,24.8250,12.00,0.000,0.000,OFF,#3,HOLDING,0.000A/OFF
985,2026-06-02 20:44:10,24.9250,12.00,0.000,0.000,A,#3,HOLDING,0.101A/A
986,2026-06-02 20:44:12,24.9250,12.00,0.000,0.000,A,#3,HOLDING,0.130A/A
987,2026-06-02 20:44:13,25.0125,6.81,0.130,0.000,A,#3,HOLDING,0.207A/A
988,2026-06-02 20:44:15,25.1125,6.81,0.130,0.364,A,#3,HOLDING,0.248A/A
989,2026-06-02 20:44:17,25.1875,6.81,0.130,0.364,A,#3,HOLDING,0.300A/A
990,2026-06-02 20:44:18,25.2375,6.81,0.130,0.364,A,#3,HOLDING,0.335A/A
991,2026-06-02 20:44:20,25.2875,2.72,0.130,0.364,A,#3,HOLDING,0.383A/A
992,2026-06-02 20:44:22,25.3125,2.72,0.383,1.252,A,#3,HOLDING,0.425A/A
993,2026-06-02 20:44:24,25.3500,2.72,0.383,1.252,A,#3,HOLDING,0.487A/A
994,2026-06-02 20:44:26,25.3500,2.72,0.383,1.252,A,#3,HOLDING,0.525A/A
995,2026-06-02 20:44:28,25.3750,4.32,0.383,1.252,A,#3,HOLDING,0.577A/A
996,2026-06-02 20:44:30,25.3500,4.32,0.577,2.815,A,#3,HOLDING,0.621A/A
997,2026-06-02 20:44:32,25.3375,4.32,0.577,2.815,A,#3,HOLDING,0.682A/A
998,2026-06-02 20:44:34,25.3125,4.32,0.577,2.815,A,#3,HOLDING,0.719A/A
999,2026-06-02 20:44:36,25.3000,5.93,0.577,2.815,A,#3,HOLDING,0.767A/A
1000,2026-06-02 20:44:37,25.2500,5.93,0.767,4.993,A,#3,HOLDING,0.807A/A
1001,2026-06-02 20:44:40,25.1875,5.93,0.767,4.993,A,#3,HOLDING,0.857A/A
1002,2026-06-02 20:44:41,25.1375,5.93,0.767,4.993,A,#3,HOLDING,0.887A/A
1003,2026-06-02 20:44:43,25.0500,7.34,0.767,4.993,A,#3,HOLDING,0.917A/A
1004,2026-06-02 20:44:45,24.9500,7.34,0.900,7.125,A,#3,HOLDING,0.895A/A
1005,2026-06-02 20:44:47,24.8875,7.34,0.900,7.125,A,#3,HOLDING,0.937A/A
1006,2026-06-02 20:44:49,24.7875,7.34,0.900,7.125,A,#3,HOLDING,0.959A/A
1007,2026-06-02 20:44:51,24.6750,8.05,0.900,7.125,A,#3,HOLDING,0.983A/A
1008,2026-06-02 20:44:53,24.5500,8.05,0.968,8.247,A,#3,HOLDING,0.997A/A
1009,2026-06-02 20:44:55,24.4625,8.05,0.968,8.247,A,#3,HOLDING,1.023A/A
1010,2026-06-02 20:44:57,24.3625,8.05,0.968,8.247,A,#3,HOLDING,1.034A/A
1011,2026-06-02 20:44:58,24.2125,8.72,0.968,8.247,A,#3,HOLDING,1.000A/A
1012,2026-06-02 20:45:00,24.1125,8.72,1.012,8.630,A,#3,HOLDING,1.000A/A
1013,2026-06-02 20:45:03,23.9625,8.72,1.012,8.630,A,#3,HOLDING,1.038A/A
1014,2026-06-02 20:45:04,23.8375,8.72,1.012,8.630,A,#3,HOLDING,1.033A/A
1015,2026-06-02 20:45:06,23.6750,8.82,1.012,8.630,A,#3,HOLDING,1.014A/A
1016,2026-06-02 20:45:08,23.5500,8.82,1.014,8.963,A,#3,HOLDING,0.997A/A
1017,2026-06-02 20:45:10,23.4000,8.82,1.014,8.963,A,#3,HOLDING,0.970A/A
1018,2026-06-02 20:45:12,23.3000,8.82,1.014,8.963,A,#3,HOLDING,0.952A/A
1019,2026-06-02 20:45:14,23.1375,8.34,1.014,8.963,A,#3,HOLDING,0.916A/A
1020,2026-06-02 20:45:16,22.9875,8.34,0.927,7.538,A,#3,HOLDING,0.824A/A
1021,2026-06-02 20:45:18,22.8625,8.34,0.927,7.538,A,#3,HOLDING,0.765A/A
1022,2026-06-02 20:45:20,22.7375,8.34,0.927,7.538,A,#3,HOLDING,0.720A/A
1023,2026-06-02 20:45:22,22.5875,6.65,0.927,7.538,A,#3,HOLDING,0.660A/A
1024,2026-06-02 20:45:23,22.4875,6.65,0.673,4.131,A,#3,HOLDING,0.598A/A
1025,2026-06-02 20:45:26,22.3375,6.65,0.673,4.131,A,#3,HOLDING,0.514A/A
1026,2026-06-02 20:45:27,22.2375,6.65,0.673,4.131,A,#3,HOLDING,0.456A/A
1027,2026-06-02 20:45:29,22.0875,4.55,0.673,4.131,A,#3,HOLDING,0.372A/A
1028,2026-06-02 20:45:31,21.9875,4.55,0.372,1.502,A,#3,HOLDING,0.295A/A
1029,2026-06-02 20:45:33,21.8875,4.55,0.372,1.502,A,#3,HOLDING,0.192A/A
1030,2026-06-02 20:45:35,21.7625,4.55,0.372,1.502,A,#3,HOLDING,0.115A/A
1031,2026-06-02 20:45:37,21.6875,4.55,0.372,1.502,OFF,#3,HOLDING,0.000A/OFF
1032,2026-06-02 20:45:38,21.6875,1.95,0.372,1.502,OFF,#3,HOLDING,0.000A/OFF
1033,2026-06-02 20:45:39,21.6125,1.95,0.115,1.502,OFF,#3,HOLDING,0.000A/OFF
1034,2026-06-02 20:45:40,21.6125,1.95,0.115,0.000,B,#3,HOLDING,0.103A/B
1035,2026-06-02 20:45:42,21.5500,1.95,0.115,0.000,B,#3,HOLDING,0.196A/B
1036,2026-06-02 20:45:43,21.4750,1.95,0.115,0.000,B,#3,HOLDING,0.272A/B
1037,2026-06-02 20:45:45,21.4375,1.84,0.115,0.000,B,#3,HOLDING,0.361A/B
1038,2026-06-02 20:45:47,21.3875,1.84,0.317,0.971,B,#3,HOLDING,0.458A/B
1039,2026-06-02 20:45:49,21.3500,1.84,0.317,0.971,B,#3,HOLDING,0.580A/B
1040,2026-06-02 20:45:51,21.3250,1.84,0.317,0.971,B,#3,HOLDING,0.665A/B
1041,2026-06-02 20:45:52,21.3750,5.09,0.317,0.971,B,#3,HOLDING,0.750A/B
1042,2026-06-02 20:45:54,21.3750,5.09,0.706,4.455,B,#3,HOLDING,0.843A/B
1043,2026-06-02 20:45:57,21.3875,5.09,0.706,4.455,B,#3,HOLDING,0.962A/B
1044,2026-06-02 20:45:58,21.4375,5.09,0.706,4.455,B,#3,HOLDING,1.040A/B
1045,2026-06-02 20:46:00,21.5125,8.09,0.706,4.455,B,#3,HOLDING,1.120A/B
1046,2026-06-02 20:46:02,21.5875,8.09,1.094,9.945,B,#3,HOLDING,1.198A/B
1047,2026-06-02 20:46:04,21.6625,8.09,1.094,9.945,B,#3,HOLDING,1.000A/B
1048,2026-06-02 20:46:06,21.7625,8.09,1.094,9.945,B,#3,HOLDING,1.296A/B
1049,2026-06-02 20:46:08,21.9250,10.06,1.094,9.945,B,#3,HOLDING,1.356A/B
1050,2026-06-02 20:46:10,22.0750,10.06,1.356,14.617,B,#3,HOLDING,1.000A/B
1051,2026-06-02 20:46:12,22.2375,10.06,1.356,14.617,B,#3,HOLDING,1.000A/B
1052,2026-06-02 20:46:14,22.4125,10.06,1.356,14.617,B,#3,HOLDING,1.389A/B
1053,2026-06-02 20:46:15,22.6125,11.01,1.356,14.617,B,#3,HOLDING,1.426A/B
1054,2026-06-02 20:46:17,22.8125,11.01,1.404,16.427,B,#3,HOLDING,1.453A/B
1055,2026-06-02 20:46:20,23.0000,11.01,1.404,16.427,B,#3,HOLDING,1.497A/B
1056,2026-06-02 20:46:21,23.2500,11.01,1.404,16.427,B,#3,HOLDING,1.463A/B
1057,2026-06-02 20:46:23,23.4750,11.81,1.404,16.427,B,#3,HOLDING,1.482A/B
1058,2026-06-02 20:46:25,23.7500,11.81,1.465,17.484,B,#3,HOLDING,1.480A/B
1059,2026-06-02 20:46:27,24.0375,11.81,1.465,17.484,B,#4,APPROACH,1.486A/B
1060,2026-06-02 20:46:29,24.3125,11.81,1.465,17.484,B,#4,APPROACH,0.136A/B
1061,2026-06-02 20:46:30,24.3125,11.81,1.465,17.484,B,#4,APPROACH,0.148A/B
1062,2026-06-02 20:46:33,24.8625,11.81,1.465,17.484,OFF,#4,APPROACH,0.000A/OFF
1063,2026-06-02 20:46:34,24.8625,11.64,1.465,17.484,OFF,#4,APPROACH,0.000A/OFF
1064,2026-06-02 20:46:35,25.1500,11.64,0.858,17.484,OFF,#4,APPROACH,0.000A/OFF
1065,2026-06-02 20:46:36,25.1500,11.64,0.858,0.000,OFF,#4,APPROACH,0.000A/OFF
1066,2026-06-02 20:46:37,25.4250,11.64,0.858,0.000,OFF,#4,APPROACH,0.000A/OFF
1067,2026-06-02 20:46:38,25.4250,11.64,0.858,0.000,B,#4,APPROACH,0.102A/B
1068,2026-06-02 20:46:39,25.7125,11.64,0.858,0.000,B,#4,APPROACH,0.000A/OFF
1069,2026-06-02 20:46:40,25.9625,12.00,0.858,0.000,OFF,#4,APPROACH,0.000A/OFF
1070,2026-06-02 20:46:41,25.9625,12.00,1.459,0.000,OFF,#4,APPROACH,0.103A/B
1071,2026-06-02 20:46:44,26.1875,12.00,1.459,0.000,B,#4,HOLDING,0.109A/B
1072,2026-06-02 20:46:45,26.4125,12.00,1.459,0.000,B,#4,HOLDING,0.000A/OFF
1073,2026-06-02 20:46:46,26.6500,12.00,1.459,0.000,OFF,#4,HOLDING,0.000A/OFF
1074,2026-06-02 20:46:47,26.6500,12.00,1.459,0.000,OFF,#4,HOLDING,0.000A/OFF
1075,2026-06-02 20:46:48,26.8500,12.00,0.000,0.000,OFF,#4,HOLDING,0.000A/OFF
1076,2026-06-02 20:46:49,26.8500,12.00,0.000,0.000,OFF,#4,HOLDING,0.000A/OFF
1077,2026-06-02 20:46:50,26.9875,12.00,0.000,0.000,OFF,#4,HOLDING,0.000A/OFF
1078,2026-06-02 20:46:51,26.9875,12.00,0.000,0.000,OFF,#4,HOLDING,0.000A/OFF
1079,2026-06-02 20:46:52,27.1875,12.00,0.000,0.000,OFF,#4,HOLDING,0.000A/OFF
1080,2026-06-02 20:46:53,27.1875,12.00,0.000,0.000,OFF,#4,HOLDING,0.000A/OFF
1081,2026-06-02 20:46:54,27.3500,12.00,0.000,0.000,OFF,#4,HOLDING,0.000A/OFF
1082,2026-06-02 20:46:55,27.3500,12.00,0.000,0.000,OFF,#4,HOLDING,0.000A/OFF
1083,2026-06-02 20:46:56,27.4500,12.00,0.000,0.000,OFF,#4,HOLDING,0.000A/OFF
1084,2026-06-02 20:46:57,27.4500,12.00,0.000,0.000,OFF,#4,HOLDING,0.000A/OFF
1085,2026-06-02 20:46:58,27.5500,12.00,0.000,0.000,OFF,#4,HOLDING,0.000A/OFF
1086,2026-06-02 20:46:59,27.6750,12.00,0.000,0.000,OFF,#4,HOLDING,0.000A/OFF
1087,2026-06-02 20:47:00,27.6750,12.00,0.000,0.000,OFF,#4,HOLDING,0.000A/OFF
1088,2026-06-02 20:47:01,27.7500,12.00,0.000,0.000,OFF,#4,HOLDING,0.000A/OFF
1089,2026-06-02 20:47:03,27.7500,12.00,0.000,0.000,OFF,#4,HOLDING,0.000A/OFF
1090,2026-06-02 20:47:04,27.8250,12.00,0.000,0.000,A,#4,HOLDING,0.113A/A
1091,2026-06-02 20:47:05,27.8250,12.00,0.000,0.000,A,#4,HOLDING,0.125A/A
1092,2026-06-02 20:47:07,27.8750,0.72,0.000,0.000,A,#4,HOLDING,0.163A/A
1093,2026-06-02 20:47:09,27.9250,0.72,0.143,0.190,A,#4,HOLDING,0.190A/A
1094,2026-06-02 20:47:11,28.0000,0.72,0.143,0.190,A,#4,HOLDING,0.293A/A
1095,2026-06-02 20:47:13,28.0000,0.72,0.143,0.190,A,#4,HOLDING,0.320A/A
1096,2026-06-02 20:47:15,28.0000,2.49,0.143,0.190,A,#4,HOLDING,0.353A/A
1097,2026-06-02 20:47:17,28.0000,2.49,0.334,1.023,A,#4,HOLDING,0.384A/A
1098,2026-06-02 20:47:19,27.9500,2.49,0.334,1.023,A,#4,HOLDING,0.376A/A
1099,2026-06-02 20:47:21,27.9375,2.49,0.334,1.023,A,#4,HOLDING,0.406A/A
1100,2026-06-02 20:47:22,27.8875,3.35,0.334,1.023,A,#4,HOLDING,0.433A/A
1101,2026-06-02 20:47:24,27.8875,3.35,0.433,1.593,A,#4,HOLDING,0.469A/A
1102,2026-06-02 20:47:27,27.7875,3.35,0.433,1.593,A,#4,HOLDING,0.501A/A
1103,2026-06-02 20:47:28,27.7250,3.35,0.433,1.593,A,#4,HOLDING,0.522A/A
1104,2026-06-02 20:47:30,27.6750,4.40,0.433,1.593,A,#4,HOLDING,0.543A/A
1105,2026-06-02 20:47:32,27.6750,4.40,0.543,2.557,A,#4,HOLDING,0.575A/A
1106,2026-06-02 20:47:34,27.5125,4.40,0.543,2.557,A,#4,HOLDING,0.594A/A
1107,2026-06-02 20:47:36,27.4250,4.40,0.543,2.557,A,#4,HOLDING,0.603A/A
1108,2026-06-02 20:47:38,27.3000,5.16,0.543,2.557,A,#4,HOLDING,0.603A/A
1109,2026-06-02 20:47:40,27.3000,5.16,0.603,3.183,A,#4,HOLDING,0.626A/A
1110,2026-06-02 20:47:42,27.1125,5.16,0.603,3.183,A,#4,HOLDING,0.627A/A
1111,2026-06-02 20:47:44,27.0250,5.16,0.603,3.183,A,#4,HOLDING,0.630A/A
1112,2026-06-02 20:47:46,26.9000,5.45,0.603,3.183,A,#5,APPROACH,0.615A/A
1113,2026-06-02 20:47:47,26.9000,5.45,0.615,0.000,B,#5,APPROACH,0.169A/B
1114,2026-06-02 20:47:50,26.6625,5.45,0.615,0.000,B,#5,APPROACH,0.249A/B
1115,2026-06-02 20:47:52,26.5500,5.45,0.615,0.000,B,#5,APPROACH,0.326A/B
1116,2026-06-02 20:47:54,26.4000,5.45,0.615,0.000,B,#5,APPROACH,0.408A/B
1117,2026-06-02 20:47:55,26.3000,3.49,0.615,0.000,B,#5,APPROACH,0.494A/B
1118,2026-06-02 20:47:57,26.2000,3.49,0.449,2.069,B,#5,APPROACH,0.610A/B
1119,2026-06-02 20:48:00,26.0875,3.49,0.449,2.069,B,#5,APPROACH,0.784A/B
1120,2026-06-02 20:48:01,26.0625,3.49,0.449,2.069,B,#5,APPROACH,0.910A/B
1121,2026-06-02 20:48:03,26.0250,7.28,0.449,2.069,B,#5,APPROACH,1.000A/B
1122,2026-06-02 20:48:05,26.0000,7.28,0.952,8.150,B,#5,APPROACH,1.000A/B
1123,2026-06-02 20:48:07,25.9875,7.28,0.952,8.150,B,#5,APPROACH,1.000A/B
1124,2026-06-02 20:48:09,25.9875,7.28,0.952,8.150,B,#5,APPROACH,1.055A/B
1125,2026-06-02 20:48:11,26.0000,8.58,0.952,8.150,B,#5,APPROACH,1.201A/B
1126,2026-06-02 20:48:13,26.0250,8.58,1.125,11.769,B,#5,APPROACH,1.346A/B
1127,2026-06-02 20:48:15,26.1000,8.58,1.125,11.769,B,#5,APPROACH,1.526A/B
1128,2026-06-02 20:48:17,26.1500,8.58,1.125,11.769,B,#5,APPROACH,1.645A/B
1129,2026-06-02 20:48:18,26.2250,12.00,1.125,11.769,B,#5,APPROACH,1.780A/B
1130,2026-06-02 20:48:20,26.3500,12.00,1.500,17.748,B,#5,APPROACH,1.500A/B
1131,2026-06-02 20:48:23,26.4750,12.00,1.500,17.748,B,#5,APPROACH,1.000A/B
1132,2026-06-02 20:48:24,26.6000,12.00,1.500,17.748,B,#5,APPROACH,1.891A/B
1133,2026-06-02 20:48:26,26.7500,12.00,1.500,17.748,B,#5,APPROACH,2.000A/B
1134,2026-06-02 20:48:28,26.9500,12.00,1.452,17.208,B,#5,APPROACH,1.992A/B
1135,2026-06-02 20:48:30,27.1125,12.00,1.452,17.208,B,#5,APPROACH,1.000A/B
1136,2026-06-02 20:48:32,27.3125,12.00,1.452,17.208,B,#5,APPROACH,2.067A/B
1137,2026-06-02 20:48:34,27.5000,12.00,1.452,17.208,B,#5,APPROACH,2.152A/B
1138,2026-06-02 20:48:36,27.7500,12.00,1.418,16.824,B,#5,APPROACH,1.000A/B
1139,2026-06-02 20:48:38,27.9875,12.00,1.418,16.824,B,#5,APPROACH,2.203A/B
1140,2026-06-02 20:48:40,28.1875,12.00,1.418,16.824,B,#5,APPROACH,2.000A/B
1141,2026-06-02 20:48:42,28.4375,12.00,1.418,16.824,B,#5,APPROACH,2.000A/B
1142,2026-06-02 20:48:43,28.6875,12.00,1.396,16.560,B,#5,APPROACH,2.218A/B
1143,2026-06-02 20:48:46,28.9000,12.00,1.396,16.560,B,#5,APPROACH,1.500A/B
1144,2026-06-02 20:48:47,29.1500,12.00,1.396,16.560,B,#5,HOLDING,2.000A/B
1145,2026-06-02 20:48:49,29.4375,12.00,1.396,16.560,OFF,#5,HOLDING,0.000A/OFF
1146,2026-06-02 20:48:50,29.4375,12.00,1.396,16.560,OFF,#5,HOLDING,0.000A/OFF
1147,2026-06-02 20:48:51,29.6875,12.00,0.689,16.560,OFF,#5,HOLDING,0.000A/OFF
1148,2026-06-02 20:48:52,29.6875,12.00,0.689,0.000,OFF,#5,HOLDING,0.000A/OFF
1149,2026-06-02 20:48:53,29.9000,12.00,0.689,0.000,OFF,#5,HOLDING,0.000A/OFF
1150,2026-06-02 20:48:54,29.9000,12.00,0.689,0.000,OFF,#5,HOLDING,0.000A/OFF
1151,2026-06-02 20:48:55,30.1750,12.00,0.689,0.000,OFF,#5,HOLDING,0.000A/OFF
1152,2026-06-02 20:48:56,30.1750,12.00,0.689,0.000,OFF,#5,HOLDING,0.000A/OFF
1153,2026-06-02 20:48:57,30.3625,12.00,0.000,0.000,OFF,#5,HOLDING,0.000A/OFF
1154,2026-06-02 20:48:58,30.3625,12.00,0.000,0.000,OFF,#5,HOLDING,0.000A/OFF
1155,2026-06-02 20:48:59,30.5625,12.00,0.000,0.000,OFF,#5,HOLDING,0.000A/OFF
1156,2026-06-02 20:49:00,30.5625,12.00,0.000,0.000,OFF,#5,HOLDING,0.000A/OFF
1157,2026-06-02 20:49:01,30.7250,12.00,0.000,0.000,OFF,#5,HOLDING,0.000A/OFF
1158,2026-06-02 20:49:02,30.8500,12.00,0.000,0.000,OFF,#5,HOLDING,0.000A/OFF
1159,2026-06-02 20:49:03,30.8500,12.00,0.000,0.000,OFF,#5,HOLDING,0.000A/OFF
1160,2026-06-02 20:49:04,30.9500,12.00,0.000,0.000,A,#5,HOLDING,0.103A/A
1161,2026-06-02 20:49:06,31.0250,12.00,0.000,0.000,A,#5,HOLDING,0.181A/A
1162,2026-06-02 20:49:08,31.0250,12.00,0.000,0.000,A,#5,HOLDING,0.213A/A
1163,2026-06-02 20:49:10,31.1000,1.30,0.000,0.000,A,#5,HOLDING,0.248A/A
1164,2026-06-02 20:49:12,31.1250,1.30,0.229,0.431,A,#5,HOLDING,0.286A/A
1165,2026-06-02 20:49:14,31.2125,1.30,0.229,0.431,A,#5,HOLDING,0.355A/A
1166,2026-06-02 20:49:16,31.2125,1.30,0.229,0.431,A,#5,HOLDING,0.387A/A
1167,2026-06-02 20:49:18,31.2125,2.88,0.229,0.431,A,#5,HOLDING,0.430A/A
1168,2026-06-02 20:49:19,31.1875,2.88,0.406,1.466,A,#5,HOLDING,0.463A/A
1169,2026-06-02 20:49:22,31.1375,2.88,0.406,1.466,A,#5,HOLDING,0.511A/A
1170,2026-06-02 20:49:23,31.1375,2.88,0.406,1.466,A,#5,HOLDING,0.547A/A
1171,2026-06-02 20:49:25,31.0625,4.28,0.406,1.466,A,#5,HOLDING,0.578A/A
1172,2026-06-02 20:49:27,30.9875,4.28,0.562,2.722,A,#5,HOLDING,0.558A/A
1173,2026-06-02 20:49:29,30.8000,4.28,0.562,2.722,A,#5,HOLDING,0.583A/A
1174,2026-06-02 20:49:31,30.8000,4.28,0.562,2.722,A,#5,HOLDING,0.615A/A
1175,2026-06-02 20:49:33,30.7125,5.04,0.562,2.722,A,#5,HOLDING,0.641A/A
1176,2026-06-02 20:49:35,30.5625,5.04,0.626,3.454,A,#5,HOLDING,0.661A/A
1177,2026-06-02 20:49:37,30.3000,5.04,0.626,3.454,A,#5,HOLDING,0.657A/A
1178,2026-06-02 20:49:39,30.3000,5.04,0.626,3.454,A,#5,HOLDING,0.675A/A
1179,2026-06-02 20:49:41,30.0000,5.65,0.626,3.454,A,#5,HOLDING,0.662A/A
1180,2026-06-02 20:49:42,30.0000,5.65,0.662,3.760,A,#5,HOLDING,0.680A/A
1181,2026-06-02 20:49:45,29.7125,5.65,0.662,3.760,A,#5,HOLDING,0.645A/A
1182,2026-06-02 20:49:46,29.7125,5.65,0.662,3.760,A,#5,HOLDING,0.663A/A
1183,2026-06-02 20:49:48,29.4000,5.68,0.662,3.760,A,#5,HOLDING,0.609A/A
1184,2026-06-02 20:49:50,29.4000,5.68,0.624,3.276,A,#5,HOLDING,0.608A/A
1185,2026-06-02 20:49:52,29.0625,5.68,0.624,3.276,A,#5,HOLDING,0.536A/A
1186,2026-06-02 20:49:54,29.0625,5.68,0.624,3.276,A,#5,HOLDING,0.538A/A
1187,2026-06-02 20:49:56,28.8875,4.72,0.624,3.276,A,#5,HOLDING,0.424A/A
1188,2026-06-02 20:49:58,28.6875,4.72,0.440,1.717,A,#5,HOLDING,0.371A/A
1189,2026-06-02 20:50:00,28.3500,4.72,0.440,1.717,A,#5,HOLDING,0.247A/A
1190,2026-06-02 20:50:02,28.3500,4.72,0.440,1.717,A,#5,HOLDING,0.212A/A
1191,2026-06-02 20:50:04,28.0000,2.34,0.440,1.717,A,#5,HOLDING,0.104A/A
1192,2026-06-02 20:50:05,28.0000,2.34,0.138,1.717,OFF,#5,HOLDING,0.000A/OFF
1193,2026-06-02 20:50:06,27.8250,2.34,0.138,0.144,OFF,#5,HOLDING,0.000A/OFF
1194,2026-06-02 20:50:07,27.6750,2.34,0.138,0.144,OFF,#5,HOLDING,0.000A/OFF
1195,2026-06-02 20:50:08,27.6750,2.34,0.138,0.144,B,#5,HOLDING,0.123A/B
1196,2026-06-02 20:50:10,27.5375,2.34,0.138,0.144,B,#5,HOLDING,0.208A/B
1197,2026-06-02 20:50:12,27.3625,6.93,0.208,0.144,B,#5,HOLDING,0.294A/B
1198,2026-06-02 20:50:14,27.2625,6.93,0.208,0.746,B,#5,HOLDING,0.413A/B
1199,2026-06-02 20:50:16,27.1125,6.93,0.208,0.746,B,#5,HOLDING,0.519A/B
1200,2026-06-02 20:50:17,27.0250,6.93,0.208,0.746,B,#5,HOLDING,0.607A/B
1201,2026-06-02 20:50:19,26.9750,4.96,0.208,0.746,B,#5,HOLDING,0.692A/B
1202,2026-06-02 20:50:21,26.9750,4.96,0.692,4.020,B,#5,HOLDING,0.797A/B
1203,2026-06-02 20:50:23,26.8500,4.96,0.692,4.020,B,#5,HOLDING,0.954A/B
1204,2026-06-02 20:50:25,26.7750,4.96,0.692,4.020,B,#5,HOLDING,1.062A/B
1205,2026-06-02 20:50:27,26.7500,8.45,0.692,4.020,B,#5,HOLDING,1.186A/B
1206,2026-06-02 20:50:29,26.7500,8.45,1.186,11.373,B,#5,HOLDING,1.303A/B
1207,2026-06-02 20:50:31,26.7750,8.45,1.186,11.373,B,#5,HOLDING,1.454A/B
1208,2026-06-02 20:50:33,26.7625,8.45,1.186,11.373,B,#5,HOLDING,1.557A/B
1209,2026-06-02 20:50:34,26.8125,12.00,1.186,11.373,B,#5,HOLDING,1.000A/B
1210,2026-06-02 20:50:36,26.8125,12.00,1.142,8.590,B,#5,HOLDING,1.674A/B
1211,2026-06-02 20:50:39,26.9625,12.00,1.142,8.590,B,#5,HOLDING,1.806A/B
1212,2026-06-02 20:50:40,27.0750,12.00,1.142,8.590,B,#5,HOLDING,1.000A/B
1213,2026-06-02 20:50:42,27.1750,8.52,1.142,8.590,B,#5,HOLDING,1.500A/B
1214,2026-06-02 20:50:44,27.1750,8.52,1.407,17.544,B,#5,HOLDING,1.500A/B
1215,2026-06-02 20:50:46,27.3875,8.52,1.407,17.544,B,#5,HOLDING,1.000A/B
1216,2026-06-02 20:50:48,27.5500,8.52,1.407,17.544,B,#5,HOLDING,1.839A/B
1217,2026-06-02 20:50:50,27.7000,12.00,1.407,17.544,B,#5,HOLDING,1.901A/B
1218,2026-06-02 20:50:52,27.8750,12.00,1.439,17.040,B,#5,HOLDING,1.971A/B
1219,2026-06-02 20:50:54,28.0750,12.00,1.439,17.040,B,#5,HOLDING,2.057A/B
1220,2026-06-02 20:50:56,28.2375,12.00,1.439,17.040,B,#5,HOLDING,1.500A/B
1221,2026-06-02 20:50:58,28.4625,12.00,1.439,17.040,B,#5,HOLDING,2.086A/B
1222,2026-06-02 20:50:59,28.6500,12.00,1.408,16.668,B,#5,HOLDING,1.500A/B
1223,2026-06-02 20:51:02,28.8750,12.00,1.408,16.668,B,#5,HOLDING,1.500A/B
1224,2026-06-02 20:51:03,29.0625,12.00,1.408,16.668,B,#5,HOLDING,2.060A/B
1225,2026-06-02 20:51:05,29.3125,12.00,1.408,16.668,B,#5,HOLDING,2.082A/B
1226,2026-06-02 20:51:07,29.5250,12.00,1.385,16.404,B,#5,HOLDING,2.000A/B
1227,2026-06-02 20:51:10,29.7750,12.00,1.385,16.404,B,#5,HOLDING,2.100A/B
1228,2026-06-02 20:51:11,29.9750,12.00,1.385,16.404,B,#5,HOLDING,1.500A/B
1229,2026-06-02 20:51:13,30.2500,12.00,1.385,16.404,B,#5,HOLDING,2.096A/B
1230,2026-06-02 20:51:15,30.4625,12.00,1.364,16.176,B,#5,HOLDING,1.000A/B
